strategy,makespan,completed,tasks_done,tasks_total,fuel_violations,min_fuel,total_truck_distance,active_distance,detour_distance,detour_percentage,uptime_ratio,total_swaps,drone_flight_distance,drone_energy,drone_efficiency_percentage,seed,maze,num_trucks,drones_per_station,service_frames,wall_time_s
fixed_station_evrp,4717,True,38,38,0,349,15591.0,12230.0,3361.0,21.56,0.4321,1,0,0.0,0.0,1,maze.csv,6,1,150,0.01
fixed_station_evrp,5070,True,36,36,0,145,18612.0,13922.0,4690.0,25.2,0.4577,3,0,0.0,0.0,2,maze.csv,6,1,150,0.01
fixed_station_evrp,7551,True,40,40,0,116,20125.0,15662.0,4463.0,22.18,0.3457,4,0,0.0,0.0,3,maze.csv,6,1,150,0.02
fixed_station_evrp,5184,True,36,36,0,63,17256.0,12804.0,4452.0,25.8,0.4117,2,0,0.0,0.0,4,maze.csv,6,1,150,0.01
fixed_station_evrp,6576,True,40,40,0,395,20070.0,15234.0,4836.0,24.1,0.3861,4,0,0.0,0.0,5,maze.csv,6,1,150,0.02
fixed_station_evrp,4187,True,35,35,0,172,16509.0,12439.0,4070.0,24.65,0.4951,2,0,0.0,0.0,6,maze.csv,6,1,150,0.01
fixed_station_evrp,4313,True,35,35,0,111,15039.0,10548.0,4491.0,29.86,0.4076,1,0,0.0,0.0,7,maze.csv,6,1,150,0.01
fixed_station_evrp,5061,True,36,36,0,172,15837.0,12242.0,3595.0,22.7,0.4031,1,0,0.0,0.0,8,maze.csv,6,1,150,0.01
fixed_station_evrp,4661,True,40,40,0,169,19731.0,14986.0,4745.0,24.05,0.5359,3,0,0.0,0.0,9,maze.csv,6,1,150,0.01
fixed_station_evrp,5185,True,39,39,0,173,17875.0,14531.0,3344.0,18.71,0.4671,2,0,0.0,0.0,10,maze.csv,6,1,150,0.01
reactive_drone,4671,True,38,38,0,349,15535.0,12229.0,3306.0,21.28,0.4363,1,69.0,82.8,3623.19,1,maze.csv,6,1,150,0.01
reactive_drone,4702,True,36,36,0,53,17300.0,13686.0,3614.0,20.89,0.4851,2,879.0,1054.8,568.83,2,maze.csv,6,1,150,0.01
reactive_drone,7069,True,40,40,0,0,18258.0,15066.0,3192.0,17.48,0.3552,3,2496.0,2995.2,300.48,3,maze.csv,6,1,150,0.02
reactive_drone,3808,True,36,36,0,323,15484.0,12339.0,3145.0,20.31,0.54,2,1497.0,1796.4,334.0,4,maze.csv,6,1,150,0.01
reactive_drone,4979,True,40,40,1,-96,17969.0,14522.0,3447.0,19.18,0.4861,2,363.0,435.6,1377.41,5,maze.csv,6,1,150,0.01
reactive_drone,3743,True,35,35,0,61,15269.0,11960.0,3309.0,21.67,0.5325,1,201.0,241.2,1243.78,6,maze.csv,6,1,150,0.01
reactive_drone,3750,True,35,35,0,228,14473.0,10491.0,3982.0,27.51,0.4663,1,558.0,669.6,448.03,7,maze.csv,6,1,150,0.01
reactive_drone,4575,True,36,36,0,172,15272.0,12015.0,3257.0,21.33,0.4377,1,591.0,709.2,423.01,8,maze.csv,6,1,150,0.01
reactive_drone,4212,True,40,40,1,-164,18199.0,14388.0,3811.0,20.94,0.5693,2,957.0,1148.4,522.47,9,maze.csv,6,1,150,0.01
reactive_drone,4994,True,39,39,0,315,17365.0,14474.0,2891.0,16.65,0.483,2,1176.0,1411.2,425.17,10,maze.csv,6,1,150,0.01
proactive_fuel,4670,True,38,38,0,349,15535.0,12229.0,3306.0,21.28,0.4364,1,63.0,75.6,3968.25,1,maze.csv,6,1,150,0.02
proactive_fuel,4622,True,36,36,0,172,17307.0,13693.0,3614.0,20.88,0.4938,3,1590.0,1908.0,471.7,2,maze.csv,6,1,150,0.02
proactive_fuel,7099,True,40,40,0,447,18281.0,15070.0,3211.0,17.56,0.3538,4,1791.0,2149.2,558.35,3,maze.csv,6,1,150,0.02
proactive_fuel,3736,True,36,36,0,344,15475.0,12330.0,3145.0,20.32,0.5501,2,2190.0,2628.0,228.31,4,maze.csv,6,1,150,0.01
proactive_fuel,5143,True,40,40,0,395,17958.0,14511.0,3447.0,19.19,0.4703,4,2316.0,2779.2,431.78,5,maze.csv,6,1,150,0.02
proactive_fuel,3737,True,35,35,0,172,15264.0,11955.0,3309.0,21.68,0.5332,2,2229.0,2674.8,224.32,6,maze.csv,6,1,150,0.01
proactive_fuel,3750,True,35,35,0,228,14473.0,10491.0,3982.0,27.51,0.4663,1,558.0,669.6,448.03,7,maze.csv,6,1,150,0.01
proactive_fuel,4489,True,36,36,0,172,15263.0,12006.0,3257.0,21.34,0.4458,1,408.0,489.6,612.75,8,maze.csv,6,1,150,0.01
proactive_fuel,4211,True,40,40,0,228,18199.0,14388.0,3811.0,20.94,0.5695,3,1653.0,1983.6,453.72,9,maze.csv,6,1,150,0.02
proactive_fuel,4906,True,39,39,0,338,17365.0,14396.0,2969.0,17.1,0.4891,2,708.0,849.6,706.21,10,maze.csv,6,1,150,0.02
fixed_station_evrp,5167,True,38,38,0,349,15591.0,12230.0,3361.0,21.56,0.3945,1,0,0.0,0.0,1,maze.csv,6,1,600,0.01
fixed_station_evrp,5520,True,36,36,0,145,18612.0,13922.0,4690.0,25.2,0.4204,3,0,0.0,0.0,2,maze.csv,6,1,600,0.01
fixed_station_evrp,8451,True,40,40,0,116,20125.0,15662.0,4463.0,22.18,0.3089,4,0,0.0,0.0,3,maze.csv,6,1,600,0.02
fixed_station_evrp,5634,True,36,36,0,63,17256.0,12804.0,4452.0,25.8,0.3788,2,0,0.0,0.0,4,maze.csv,6,1,600,0.01
fixed_station_evrp,7476,True,40,40,0,395,20070.0,15234.0,4836.0,24.1,0.3396,4,0,0.0,0.0,5,maze.csv,6,1,600,0.02
fixed_station_evrp,4637,True,35,35,0,172,16509.0,12439.0,4070.0,24.65,0.4471,2,0,0.0,0.0,6,maze.csv,6,1,600,0.01
fixed_station_evrp,4763,True,35,35,0,111,15039.0,10548.0,4491.0,29.86,0.3691,1,0,0.0,0.0,7,maze.csv,6,1,600,0.01
fixed_station_evrp,5511,True,36,36,0,172,15837.0,12242.0,3595.0,22.7,0.3702,1,0,0.0,0.0,8,maze.csv,6,1,600,0.01
fixed_station_evrp,5111,True,40,40,0,169,19731.0,14986.0,4745.0,24.05,0.4887,3,0,0.0,0.0,9,maze.csv,6,1,600,0.01
fixed_station_evrp,5635,True,39,39,0,173,17875.0,14531.0,3344.0,18.71,0.4298,2,0,0.0,0.0,10,maze.csv,6,1,600,0.01
reactive_drone,5121,True,38,38,0,349,15535.0,12229.0,3306.0,21.28,0.398,1,69.0,82.8,3623.19,1,maze.csv,6,1,600,0.01
reactive_drone,5152,True,36,36,0,53,17300.0,13686.0,3614.0,20.89,0.4427,2,879.0,1054.8,568.83,2,maze.csv,6,1,600,0.01
reactive_drone,7969,True,40,40,0,0,18258.0,15066.0,3192.0,17.48,0.3151,3,2496.0,2995.2,300.48,3,maze.csv,6,1,600,0.02
reactive_drone,4344,True,36,36,0,323,15484.0,12339.0,3145.0,20.31,0.4734,2,2007.0,2408.4,249.13,4,maze.csv,6,1,600,0.01
reactive_drone,5429,True,40,40,1,-96,17969.0,14522.0,3447.0,19.18,0.4458,2,363.0,435.6,1377.41,5,maze.csv,6,1,600,0.01
reactive_drone,4193,True,35,35,0,61,15269.0,11960.0,3309.0,21.67,0.4754,1,201.0,241.2,1243.78,6,maze.csv,6,1,600,0.01
reactive_drone,4200,True,35,35,0,228,14473.0,10491.0,3982.0,27.51,0.4163,1,558.0,669.6,448.03,7,maze.csv,6,1,600,0.01
reactive_drone,5025,True,36,36,0,172,15272.0,12015.0,3257.0,21.33,0.3985,1,591.0,709.2,423.01,8,maze.csv,6,1,600,0.01
reactive_drone,4662,True,40,40,1,-164,18199.0,14388.0,3811.0,20.94,0.5144,2,957.0,1148.4,522.47,9,maze.csv,6,1,600,0.01
reactive_drone,5444,True,39,39,0,315,17365.0,14474.0,2891.0,16.65,0.4431,2,1176.0,1411.2,425.17,10,maze.csv,6,1,600,0.01
proactive_fuel,5120,True,38,38,0,349,15535.0,12229.0,3306.0,21.28,0.3981,1,63.0,75.6,3968.25,1,maze.csv,6,1,600,0.02
proactive_fuel,5062,True,36,36,0,172,17297.0,13683.0,3614.0,20.89,0.4505,3,1626.0,1951.2,461.25,2,maze.csv,6,1,600,0.02
proactive_fuel,7999,True,40,40,0,447,18281.0,15070.0,3211.0,17.56,0.314,4,1791.0,2149.2,558.35,3,maze.csv,6,1,600,0.02
proactive_fuel,4186,True,36,36,0,344,15475.0,12330.0,3145.0,20.32,0.4909,2,2190.0,2628.0,228.31,4,maze.csv,6,1,600,0.01
proactive_fuel,6043,True,40,40,0,395,17958.0,14511.0,3447.0,19.19,0.4002,4,2316.0,2779.2,431.78,5,maze.csv,6,1,600,0.02
proactive_fuel,4187,True,35,35,0,172,15264.0,11955.0,3309.0,21.68,0.4759,2,2229.0,2674.8,224.32,6,maze.csv,6,1,600,0.01
proactive_fuel,4200,True,35,35,0,228,14473.0,10491.0,3982.0,27.51,0.4163,1,558.0,669.6,448.03,7,maze.csv,6,1,600,0.01
proactive_fuel,4939,True,36,36,0,172,15263.0,12006.0,3257.0,21.34,0.4051,1,408.0,489.6,612.75,8,maze.csv,6,1,600,0.02
proactive_fuel,4661,True,40,40,0,228,18199.0,14388.0,3811.0,20.94,0.5145,3,1653.0,1983.6,453.72,9,maze.csv,6,1,600,0.02
proactive_fuel,5356,True,39,39,0,338,17365.0,14393.0,2972.0,17.11,0.4479,2,726.0,871.2,688.71,10,maze.csv,6,1,600,0.02
fixed_station_evrp,6367,True,38,38,0,349,15591.0,12230.0,3361.0,21.56,0.3201,1,0,0.0,0.0,1,maze.csv,6,1,1800,0.01
fixed_station_evrp,6720,True,36,36,0,145,18612.0,13922.0,4690.0,25.2,0.3453,3,0,0.0,0.0,2,maze.csv,6,1,1800,0.02
fixed_station_evrp,10851,True,40,40,0,116,20125.0,15662.0,4463.0,22.18,0.2406,4,0,0.0,0.0,3,maze.csv,6,1,1800,0.02
fixed_station_evrp,6834,True,36,36,0,63,17256.0,12804.0,4452.0,25.8,0.3123,2,0,0.0,0.0,4,maze.csv,6,1,1800,0.01
fixed_station_evrp,9876,True,40,40,0,395,20070.0,15234.0,4836.0,24.1,0.2571,4,0,0.0,0.0,5,maze.csv,6,1,1800,0.02
fixed_station_evrp,5837,True,35,35,0,172,16509.0,12439.0,4070.0,24.65,0.3552,2,0,0.0,0.0,6,maze.csv,6,1,1800,0.01
fixed_station_evrp,5963,True,35,35,0,111,15039.0,10548.0,4491.0,29.86,0.2948,1,0,0.0,0.0,7,maze.csv,6,1,1800,0.01
fixed_station_evrp,6711,True,36,36,0,172,15837.0,12242.0,3595.0,22.7,0.304,1,0,0.0,0.0,8,maze.csv,6,1,1800,0.01
fixed_station_evrp,6311,True,40,40,0,169,19731.0,14986.0,4745.0,24.05,0.3958,3,0,0.0,0.0,9,maze.csv,6,1,1800,0.02
fixed_station_evrp,6835,True,39,39,0,173,17875.0,14531.0,3344.0,18.71,0.3543,2,0,0.0,0.0,10,maze.csv,6,1,1800,0.01
reactive_drone,6321,True,38,38,0,349,15535.0,12229.0,3306.0,21.28,0.3224,1,69.0,82.8,3623.19,1,maze.csv,6,1,1800,0.02
reactive_drone,6352,True,36,36,0,53,17300.0,13686.0,3614.0,20.89,0.3591,2,879.0,1054.8,568.83,2,maze.csv,6,1,1800,0.02
reactive_drone,10369,True,40,40,0,0,18258.0,15066.0,3192.0,17.48,0.2422,3,2496.0,2995.2,300.48,3,maze.csv,6,1,1800,0.02
reactive_drone,5544,True,36,36,0,323,15484.0,12339.0,3145.0,20.31,0.3709,2,2007.0,2408.4,249.13,4,maze.csv,6,1,1800,0.01
reactive_drone,6629,True,40,40,1,-96,17969.0,14522.0,3447.0,19.18,0.3651,2,363.0,435.6,1377.41,5,maze.csv,6,1,1800,0.02
reactive_drone,5393,True,35,35,0,61,15269.0,11960.0,3309.0,21.67,0.3696,1,201.0,241.2,1243.78,6,maze.csv,6,1,1800,0.01
reactive_drone,5400,True,35,35,0,228,14473.0,10491.0,3982.0,27.51,0.3238,1,558.0,669.6,448.03,7,maze.csv,6,1,1800,0.01
reactive_drone,6225,True,36,36,0,172,15272.0,12015.0,3257.0,21.33,0.3217,1,591.0,709.2,423.01,8,maze.csv,6,1,1800,0.01
reactive_drone,5862,True,40,40,1,-164,18199.0,14388.0,3811.0,20.94,0.4091,2,957.0,1148.4,522.47,9,maze.csv,6,1,1800,0.02
reactive_drone,6644,True,39,39,0,315,17365.0,14474.0,2891.0,16.65,0.3631,2,1176.0,1411.2,425.17,10,maze.csv,6,1,1800,0.02
proactive_fuel,6320,True,38,38,0,349,15535.0,12229.0,3306.0,21.28,0.3225,1,63.0,75.6,3968.25,1,maze.csv,6,1,1800,0.02
proactive_fuel,6262,True,36,36,0,172,17297.0,13683.0,3614.0,20.89,0.3642,3,1626.0,1951.2,461.25,2,maze.csv,6,1,1800,0.02
proactive_fuel,10401,True,40,40,0,415,18283.0,15071.0,3212.0,17.57,0.2415,4,1992.0,2390.4,502.01,3,maze.csv,6,1,1800,0.02
proactive_fuel,5386,True,36,36,0,344,15475.0,12330.0,3145.0,20.32,0.3815,2,2190.0,2628.0,228.31,4,maze.csv,6,1,1800,0.02
proactive_fuel,8443,True,40,40,0,395,17958.0,14511.0,3447.0,19.19,0.2865,4,2316.0,2779.2,431.78,5,maze.csv,6,1,1800,0.02
proactive_fuel,5387,True,35,35,0,172,15264.0,11955.0,3309.0,21.68,0.3699,2,2229.0,2674.8,224.32,6,maze.csv,6,1,1800,0.02
proactive_fuel,5400,True,35,35,0,228,14473.0,10491.0,3982.0,27.51,0.3238,1,558.0,669.6,448.03,7,maze.csv,6,1,1800,0.02
proactive_fuel,6139,True,36,36,0,172,15263.0,12006.0,3257.0,21.34,0.3259,1,408.0,489.6,612.75,8,maze.csv,6,1,1800,0.02
proactive_fuel,5861,True,40,40,0,228,18199.0,14388.0,3811.0,20.94,0.4091,3,1653.0,1983.6,453.72,9,maze.csv,6,1,1800,0.02
proactive_fuel,6556,True,39,39,0,338,17365.0,14393.0,2972.0,17.11,0.3659,2,726.0,871.2,688.71,10,maze.csv,6,1,1800,0.02
fixed_station_evrp,8167,True,38,38,0,349,15591.0,12230.0,3361.0,21.56,0.2496,1,0,0.0,0.0,1,maze.csv,6,1,3600,0.01
fixed_station_evrp,8520,True,36,36,0,145,18612.0,13922.0,4690.0,25.2,0.2723,3,0,0.0,0.0,2,maze.csv,6,1,3600,0.02
fixed_station_evrp,14451,True,40,40,0,116,20125.0,15662.0,4463.0,22.18,0.1806,4,0,0.0,0.0,3,maze.csv,6,1,3600,0.02
fixed_station_evrp,8634,True,36,36,0,63,17256.0,12804.0,4452.0,25.8,0.2472,2,0,0.0,0.0,4,maze.csv,6,1,3600,0.02
fixed_station_evrp,13476,True,40,40,0,395,20070.0,15234.0,4836.0,24.1,0.1884,4,0,0.0,0.0,5,maze.csv,6,1,3600,0.02
fixed_station_evrp,7637,True,35,35,0,172,16509.0,12439.0,4070.0,24.65,0.2715,2,0,0.0,0.0,6,maze.csv,6,1,3600,0.01
fixed_station_evrp,7763,True,35,35,0,111,15039.0,10548.0,4491.0,29.86,0.2265,1,0,0.0,0.0,7,maze.csv,6,1,3600,0.01
fixed_station_evrp,8511,True,36,36,0,172,15837.0,12242.0,3595.0,22.7,0.2397,1,0,0.0,0.0,8,maze.csv,6,1,3600,0.01
fixed_station_evrp,8111,True,40,40,0,169,19731.0,14986.0,4745.0,24.05,0.3079,3,0,0.0,0.0,9,maze.csv,6,1,3600,0.02
fixed_station_evrp,8635,True,39,39,0,173,17875.0,14531.0,3344.0,18.71,0.2805,2,0,0.0,0.0,10,maze.csv,6,1,3600,0.02
reactive_drone,8121,True,38,38,0,349,15535.0,12229.0,3306.0,21.28,0.251,1,69.0,82.8,3623.19,1,maze.csv,6,1,3600,0.02
reactive_drone,8152,True,36,36,0,53,17300.0,13686.0,3614.0,20.89,0.2798,2,879.0,1054.8,568.83,2,maze.csv,6,1,3600,0.02
reactive_drone,13969,True,40,40,0,0,18258.0,15066.0,3192.0,17.48,0.1798,3,2496.0,2995.2,300.48,3,maze.csv,6,1,3600,0.02
reactive_drone,7344,True,36,36,0,323,15484.0,12339.0,3145.0,20.31,0.28,2,2007.0,2408.4,249.13,4,maze.csv,6,1,3600,0.02
reactive_drone,8429,True,40,40,1,-96,17969.0,14522.0,3447.0,19.18,0.2871,2,363.0,435.6,1377.41,5,maze.csv,6,1,3600,0.02
reactive_drone,7193,True,35,35,0,61,15269.0,11960.0,3309.0,21.67,0.2771,1,201.0,241.2,1243.78,6,maze.csv,6,1,3600,0.02
reactive_drone,7200,True,35,35,0,228,14473.0,10491.0,3982.0,27.51,0.2428,1,558.0,669.6,448.03,7,maze.csv,6,1,3600,0.02
reactive_drone,8025,True,36,36,0,172,15272.0,12015.0,3257.0,21.33,0.2495,1,591.0,709.2,423.01,8,maze.csv,6,1,3600,0.02
reactive_drone,7662,True,40,40,1,-164,18199.0,14388.0,3811.0,20.94,0.313,2,957.0,1148.4,522.47,9,maze.csv,6,1,3600,0.02
reactive_drone,8444,True,39,39,0,315,17365.0,14474.0,2891.0,16.65,0.2857,2,1176.0,1411.2,425.17,10,maze.csv,6,1,3600,0.02
proactive_fuel,8120,True,38,38,0,349,15535.0,12229.0,3306.0,21.28,0.251,1,63.0,75.6,3968.25,1,maze.csv,6,1,3600,0.02
proactive_fuel,8062,True,36,36,0,172,17297.0,13683.0,3614.0,20.89,0.2829,3,1626.0,1951.2,461.25,2,maze.csv,6,1,3600,0.02
proactive_fuel,14001,True,40,40,0,415,18283.0,15071.0,3212.0,17.57,0.1794,4,1992.0,2390.4,502.01,3,maze.csv,6,1,3600,0.03
proactive_fuel,7186,True,36,36,0,344,15475.0,12330.0,3145.0,20.32,0.286,2,2190.0,2628.0,228.31,4,maze.csv,6,1,3600,0.02
proactive_fuel,12043,True,40,40,0,395,17958.0,14511.0,3447.0,19.19,0.2008,4,2316.0,2779.2,431.78,5,maze.csv,6,1,3600,0.03
proactive_fuel,7187,True,35,35,0,172,15264.0,11955.0,3309.0,21.68,0.2772,2,2229.0,2674.8,224.32,6,maze.csv,6,1,3600,0.02
proactive_fuel,7200,True,35,35,0,228,14473.0,10491.0,3982.0,27.51,0.2428,1,558.0,669.6,448.03,7,maze.csv,6,1,3600,0.02
proactive_fuel,7939,True,36,36,0,172,15263.0,12006.0,3257.0,21.34,0.252,1,408.0,489.6,612.75,8,maze.csv,6,1,3600,0.02
proactive_fuel,7661,True,40,40,0,228,18199.0,14388.0,3811.0,20.94,0.313,3,1653.0,1983.6,453.72,9,maze.csv,6,1,3600,0.02
proactive_fuel,8356,True,39,39,0,338,17365.0,14393.0,2972.0,17.11,0.2871,2,726.0,871.2,688.71,10,maze.csv,6,1,3600,0.02
fixed_station_evrp,11767,True,38,38,0,349,15591.0,12230.0,3361.0,21.56,0.1732,1,0,0.0,0.0,1,maze.csv,6,1,7200,0.02
fixed_station_evrp,12120,True,36,36,0,145,18612.0,13922.0,4690.0,25.2,0.1914,3,0,0.0,0.0,2,maze.csv,6,1,7200,0.02
fixed_station_evrp,21651,True,40,40,0,116,20125.0,15662.0,4463.0,22.18,0.1206,4,0,0.0,0.0,3,maze.csv,6,1,7200,0.03
fixed_station_evrp,12234,True,36,36,0,63,17256.0,12804.0,4452.0,25.8,0.1744,2,0,0.0,0.0,4,maze.csv,6,1,7200,0.02
fixed_station_evrp,20676,True,40,40,0,395,20070.0,15234.0,4836.0,24.1,0.1228,4,0,0.0,0.0,5,maze.csv,6,1,7200,0.03
fixed_station_evrp,11237,True,35,35,0,172,16509.0,12439.0,4070.0,24.65,0.1845,2,0,0.0,0.0,6,maze.csv,6,1,7200,0.02
fixed_station_evrp,11363,True,35,35,0,111,15039.0,10548.0,4491.0,29.86,0.1547,1,0,0.0,0.0,7,maze.csv,6,1,7200,0.02
fixed_station_evrp,12111,True,36,36,0,172,15837.0,12242.0,3595.0,22.7,0.1685,1,0,0.0,0.0,8,maze.csv,6,1,7200,0.02
fixed_station_evrp,11711,True,40,40,0,169,19731.0,14986.0,4745.0,24.05,0.2133,3,0,0.0,0.0,9,maze.csv,6,1,7200,0.02
fixed_station_evrp,12235,True,39,39,0,173,17875.0,14531.0,3344.0,18.71,0.1979,2,0,0.0,0.0,10,maze.csv,6,1,7200,0.02
reactive_drone,11721,True,38,38,0,349,15535.0,12229.0,3306.0,21.28,0.1739,1,69.0,82.8,3623.19,1,maze.csv,6,1,7200,0.02
reactive_drone,11752,True,36,36,0,53,17300.0,13686.0,3614.0,20.89,0.1941,2,879.0,1054.8,568.83,2,maze.csv,6,1,7200,0.02
reactive_drone,21169,True,40,40,0,0,18258.0,15066.0,3192.0,17.48,0.1186,3,2496.0,2995.2,300.48,3,maze.csv,6,1,7200,0.03
reactive_drone,10944,True,36,36,0,323,15484.0,12339.0,3145.0,20.31,0.1879,2,2007.0,2408.4,249.13,4,maze.csv,6,1,7200,0.02
reactive_drone,12029,True,40,40,1,-96,17969.0,14522.0,3447.0,19.18,0.2012,2,363.0,435.6,1377.41,5,maze.csv,6,1,7200,0.02
reactive_drone,10793,True,35,35,0,61,15269.0,11960.0,3309.0,21.67,0.1847,1,201.0,241.2,1243.78,6,maze.csv,6,1,7200,0.02
reactive_drone,10800,True,35,35,0,228,14473.0,10491.0,3982.0,27.51,0.1619,1,558.0,669.6,448.03,7,maze.csv,6,1,7200,0.02
reactive_drone,11625,True,36,36,0,172,15272.0,12015.0,3257.0,21.33,0.1723,1,591.0,709.2,423.01,8,maze.csv,6,1,7200,0.02
reactive_drone,11262,True,40,40,1,-164,18199.0,14388.0,3811.0,20.94,0.2129,2,957.0,1148.4,522.47,9,maze.csv,6,1,7200,0.02
reactive_drone,12044,True,39,39,0,315,17365.0,14474.0,2891.0,16.65,0.2003,2,1176.0,1411.2,425.17,10,maze.csv,6,1,7200,0.02
proactive_fuel,11720,True,38,38,0,349,15535.0,12229.0,3306.0,21.28,0.1739,1,63.0,75.6,3968.25,1,maze.csv,6,1,7200,0.02
proactive_fuel,11662,True,36,36,0,172,17297.0,13683.0,3614.0,20.89,0.1955,3,1626.0,1951.2,461.25,2,maze.csv,6,1,7200,0.03
proactive_fuel,21201,True,40,40,0,415,18283.0,15071.0,3212.0,17.57,0.1185,4,1992.0,2390.4,502.01,3,maze.csv,6,1,7200,0.04
proactive_fuel,10786,True,36,36,0,344,15475.0,12330.0,3145.0,20.32,0.1905,2,2190.0,2628.0,228.31,4,maze.csv,6,1,7200,0.02
proactive_fuel,19243,True,40,40,0,395,17958.0,14511.0,3447.0,19.19,0.1257,4,2316.0,2779.2,431.78,5,maze.csv,6,1,7200,0.04
proactive_fuel,10787,True,35,35,0,172,15264.0,11955.0,3309.0,21.68,0.1847,2,2229.0,2674.8,224.32,6,maze.csv,6,1,7200,0.02
proactive_fuel,10800,True,35,35,0,228,14473.0,10491.0,3982.0,27.51,0.1619,1,558.0,669.6,448.03,7,maze.csv,6,1,7200,0.02
proactive_fuel,11539,True,36,36,0,172,15263.0,12006.0,3257.0,21.34,0.1734,1,408.0,489.6,612.75,8,maze.csv,6,1,7200,0.02
proactive_fuel,11261,True,40,40,0,228,18199.0,14388.0,3811.0,20.94,0.2129,3,1653.0,1983.6,453.72,9,maze.csv,6,1,7200,0.03
proactive_fuel,11956,True,39,39,0,338,17365.0,14393.0,2972.0,17.11,0.2006,2,726.0,871.2,688.71,10,maze.csv,6,1,7200,0.03
depot_only,4805,True,38,38,0,229,15821.0,12117.0,3704.0,23.41,0.4203,0,0,0.0,0.0,1,maze.csv,6,1,150,0.01
depot_only,4505,True,36,36,0,63,18718.0,13692.0,5026.0,26.85,0.5065,0,0,0.0,0.0,2,maze.csv,6,1,150,0.01
depot_only,7945,True,40,40,0,176,21023.0,16135.0,4888.0,23.25,0.3385,0,0,0.0,0.0,3,maze.csv,6,1,150,0.02
depot_only,4687,True,36,36,0,115,17359.0,12886.0,4473.0,25.77,0.4582,0,0,0.0,0.0,4,maze.csv,6,1,150,0.01
depot_only,6443,True,40,40,0,339,20962.0,15679.0,5283.0,25.2,0.4056,0,0,0.0,0.0,5,maze.csv,6,1,150,0.02
depot_only,4032,True,35,35,0,172,16280.0,12323.0,3957.0,24.31,0.5094,0,0,0.0,0.0,6,maze.csv,6,1,150,0.01
depot_only,4451,True,35,35,0,167,15317.0,10883.0,4434.0,28.95,0.4075,0,0,0.0,0.0,7,maze.csv,6,1,150,0.01
depot_only,4502,True,36,36,0,172,15442.0,11961.0,3481.0,22.54,0.4428,0,0,0.0,0.0,8,maze.csv,6,1,150,0.01
depot_only,4799,True,40,40,0,114,20231.0,15206.0,5025.0,24.84,0.5281,0,0,0.0,0.0,9,maze.csv,6,1,150,0.01
depot_only,5094,True,39,39,0,61,18101.0,14334.0,3767.0,20.81,0.469,0,0,0.0,0.0,10,maze.csv,6,1,150,0.01
