t_s,vx,vy,speed
1.37,7.627,4.49,8.851
2.24,6.589,5.175,8.378
3.11,5.203,5.197,7.354
4.07,5.56,4.199,6.967
4.94,3.884,4.675,6.078
5.81,5.464,3.976,6.758
6.67,5.107,6.423,8.205
7.54,4.483,5.727,7.273
8.41,7.896,3.737,8.736
9.27,8.811,1.311,8.909
10.14,7.766,3.834,8.661
11.1,9.264,2.878,9.701
12.07,8.366,3.334,9.006
12.93,6.478,4.378,7.818
13.8,9.455,2.758,9.849
14.66,6.487,3.506,7.374
15.53,6.315,6.212,8.858
16.4,6.105,6.159,8.672
17.26,5.875,4.851,7.619
18.13,6.827,3.226,7.55
19.09,8.345,3.551,9.069
19.96,8.823,3.09,9.348
20.82,7.342,5.833,9.377
21.69,7.873,7.506,10.878
22.56,7.973,10.895,13.501
23.42,8.292,9.061,12.282
24.29,9.13,9.361,13.077
25.16,5.739,8.906,10.595
26.07,7.117,9.727,12.053
26.94,6.586,7.764,10.181
27.8,7.223,6.086,9.446
28.67,8.915,5.703,10.583
29.54,7.419,5.008,8.951
30.4,6.225,4.391,7.618
31.27,5.251,4.08,6.65
32.13,5.683,5.109,7.642
33.1,4.262,3.958,5.816
33.97,3.896,4.284,5.791
34.83,4.274,1.75,4.618
35.75,6.769,1.017,6.845
36.61,9.166,-0.263,9.17
37.48,7.593,0.063,7.593
38.34,7.171,-0.342,7.179
39.21,8.076,-2.089,8.342
40.07,9.321,-2.342,9.61
40.94,10.704,-2.019,10.893
41.8,8.393,-0.578,8.413
42.67,11.182,0.045,11.182
43.54,10.85,0.141,10.851
44.4,9.225,-0.244,9.229
45.27,7.167,-1.474,7.317
46.14,7.182,1.483,7.334
47.1,7.802,2.607,8.226
47.97,7.992,1.823,8.197
48.83,8.078,1.712,8.257
49.75,9.164,3.828,9.931
50.62,10.566,4.573,11.513
51.48,11.546,3.863,12.176
52.35,10.896,3.83,11.55
53.21,9.232,2.71,9.621
54.13,7.757,2.461,8.139
55.09,5.038,5.594,7.528
55.96,5.444,5.735,7.907
56.82,6.369,5.589,8.474
57.69,7.025,6.315,9.446
58.56,7.948,3.324,8.615
59.42,9.188,3.83,9.954
60.29,9.742,4.703,10.817
61.15,9.757,6.773,11.877
62.12,8.919,7.415,11.599
62.98,8.283,7.301,11.042
63.85,11.313,9.577,14.822
64.76,11.214,10.457,15.333
65.63,10.433,7.503,12.851
66.49,10.739,6.989,12.813
67.36,8.668,3.834,9.478
68.27,10.32,4.806,11.384
69.14,10.617,3.947,11.327
70.11,10.184,5.997,11.819
71.02,9.024,6.329,11.022
71.89,7.402,6.577,9.902
72.8,5.847,5.883,8.294
73.67,5.424,7.099,8.934
74.53,6.052,6.157,8.633
75.4,5.886,6.098,8.476
76.27,5.87,4.913,7.654
77.18,6.964,5.366,8.792
78.1,7.11,8.779,11.297
78.96,6.373,9.423,11.375
79.88,4.312,11.632,12.406
80.74,3.27,9.713,10.249
81.61,3.295,8.079,8.725
82.48,1.93,8.905,9.112
83.34,3.25,8.659,9.249
84.21,3.06,9.286,9.777
85.12,2.539,7.999,8.392
85.99,4.155,6.609,7.807
86.9,3.207,7.282,7.957
87.77,3.106,5.857,6.63
88.63,3.214,5.554,6.417
89.5,2.55,5.985,6.506
90.36,3.832,7.397,8.331
91.23,2.368,7.432,7.8
92.09,2.864,4.542,5.37
93.01,2.054,4.764,5.188
93.88,0.096,5.428,5.429
94.74,2.459,3.786,4.515
95.61,4.817,8.836,10.063
96.47,4.596,8.173,9.377
97.34,4.169,4.091,5.841
98.2,2.74,5.487,6.133
99.12,2.726,6.426,6.98
99.99,3.071,6.329,7.035
100.85,4.126,4.857,6.373
101.72,4.902,5.397,7.29
102.63,3.434,3.293,4.758
103.5,3.03,7.253,7.86
104.36,5.491,8.713,10.299
105.23,5.138,8.812,10.201
106.14,5.033,10.023,11.216
107.11,5.867,7.084,9.198
107.97,7.005,8.222,10.802
108.84,6.218,7.031,9.386
109.7,6.984,6.183,9.327
110.57,7.306,6.246,9.611
111.44,6.491,4.701,8.014
112.3,9.469,3.822,10.211
113.17,9.49,3.866,10.247
114.13,9.166,2.03,9.388
115.0,7.699,0.709,7.732
115.86,9.137,0.173,9.138
116.73,7.7,1.99,7.953
117.59,8.033,4.15,9.042
118.46,8.633,4.414,9.696
119.37,7.22,6.66,9.823
120.24,6.895,5.435,8.78
121.1,6.559,5.261,8.408
121.97,8.498,8.628,12.11
122.83,7.954,9.705,12.548
123.7,6.728,9.036,11.266
124.57,5.708,8.905,10.577
125.43,6.579,8.903,11.07
126.35,6.049,8.575,10.494
127.21,5.098,9.038,10.377
128.13,4.696,9.084,10.226
128.99,6.14,7.986,10.074
129.86,8.145,4.737,9.422
130.72,7.116,6.174,9.421
131.64,6.601,4.849,8.19
132.51,5.877,7.071,9.194
133.37,8.299,5.144,9.764
134.24,7.195,4.336,8.4
135.15,9.002,4.234,9.948
136.12,9.255,4.674,10.368
136.99,8.966,4.366,9.972
137.85,10.046,4.632,11.063
138.72,8.225,4.631,9.439
139.63,6.264,4.931,7.972
140.55,5.669,3.804,6.827
141.41,3.026,7.01,7.635
142.28,3.201,9.265,9.802
143.15,2.369,9.504,9.795
144.01,5.234,10.236,11.496
144.88,4.486,7.081,8.383
145.74,2.749,7.613,8.095
146.61,4.102,8.407,9.354
147.48,4.433,8.582,9.659
148.34,5.512,8.06,9.764
149.26,6.138,8.599,10.565
150.12,4.945,9.545,10.75
150.99,7.421,12.497,14.534
151.85,8.071,11.802,14.298
152.72,6.219,12.387,13.861
153.58,7.361,10.694,12.983
154.5,8.288,9.671,12.737
155.36,6.519,9.356,11.403
156.28,6.07,8.267,10.256
157.14,5.372,7.477,9.207
158.01,3.625,10.267,10.888
158.87,5.893,8.408,10.268
159.74,6.682,8.372,10.711
160.61,6.549,10.518,12.39
161.52,7.503,8.619,11.427
162.39,6.905,6.008,9.153
163.3,7.367,6.272,9.675
164.17,7.525,6.002,9.625
165.13,7.469,6.42,9.849
166.0,9.933,6.662,11.96
166.87,9.191,7.327,11.754
167.73,10.072,8.808,13.38
168.6,11.261,8.252,13.961
169.46,12.06,7.14,14.015
170.33,9.683,6.157,11.475
171.19,10.118,4.053,10.9
172.16,11.963,4.152,12.663
173.13,12.16,3.864,12.759
174.04,9.812,3.714,10.491
174.91,10.172,2.611,10.502
175.77,10.13,1.699,10.272
176.64,7.511,0.813,7.555
177.5,7.98,-0.506,7.996
178.37,8.669,0.182,8.671
179.23,7.411,0.756,7.449
180.15,9.743,2.383,10.03
181.01,10.472,2.381,10.74
181.88,8.013,4.115,9.008
182.74,9.623,5.072,10.878
183.61,10.066,5.993,11.715
184.48,9.914,5.632,11.403
185.34,10.92,6.018,12.468
186.21,7.791,6.19,9.951
187.17,7.237,4.242,8.389
188.14,9.44,7.665,12.16
189.0,7.567,8.513,11.39
189.87,7.132,8.57,11.149
190.73,6.299,8.489,10.571
191.6,8.127,8.653,11.871
192.47,7.517,7.963,10.951
193.33,6.223,7.427,9.689
194.2,4.51,8.874,9.954
195.16,1.931,8.791,9.001
196.03,1.215,7.588,7.684
196.89,0.909,6.565,6.628
197.76,2.898,7.976,8.486
198.63,1.541,6.174,6.363
199.49,4.086,8.311,9.261
200.41,5.227,5.266,7.42
201.27,6.752,3.92,7.808
202.14,7.313,2.656,7.781
203.01,7.41,2.18,7.724
203.87,7.597,1.173,7.687
204.74,7.536,0.214,7.539
205.6,7.549,0.314,7.556
206.47,10.439,1.786,10.59
207.33,7.156,2.494,7.579
208.2,8.947,2.205,9.215
209.17,7.846,2.213,8.152
210.03,9.764,4.003,10.553
210.9,11.21,2.739,11.54
211.76,10.28,1.773,10.432
212.63,9.664,2.852,10.076
213.5,7.785,3.98,8.743
214.36,10.425,2.754,10.782
215.23,9.489,3.425,10.089
216.14,9.502,1.559,9.63
217.01,10.621,2.32,10.872
217.87,10.066,2.418,10.353
218.74,12.698,1.145,12.75
219.61,11.972,1.132,12.025
220.47,12.555,2.197,12.746
221.34,13.156,2.841,13.459
222.2,16.1,3.421,16.46
223.17,15.342,3.249,15.683
224.03,15.163,2.992,15.455
224.9,14.846,5.257,15.749
225.76,14.634,5.107,15.5
226.63,15.094,5.291,15.994
227.49,16.027,5.68,17.004
228.36,15.608,5.081,16.414
229.22,15.621,6.009,16.737
230.19,15.381,5.865,16.461
231.16,15.724,5.649,16.708
232.02,13.687,5.907,14.907
232.89,16.074,4.651,16.734
233.75,14.541,4.178,15.129
234.62,14.347,4.369,14.997
235.48,12.865,4.188,13.529
236.35,14.807,2.464,15.01
237.26,14.354,1.752,14.461
238.18,13.656,4.461,14.366
239.05,12.57,6.005,13.931
239.91,12.634,6.245,14.093
240.78,12.543,6.327,14.048
241.64,13.18,6.953,14.902
242.51,10.405,6.202,12.113
243.37,10.881,7.314,13.111
244.24,10.062,6.791,12.139
245.15,8.48,7.186,11.116
246.02,8.708,6.958,11.147
246.89,7.303,7.656,10.58
247.75,7.048,6.358,9.492
248.62,7.298,7.43,10.415
249.49,3.973,7.921,8.862
250.35,4.523,6.731,8.109
251.22,2.794,5.962,6.584
252.19,3.564,4.603,5.822
253.05,2.0,6.141,6.458
253.92,1.515,6.584,6.757
254.78,-1.021,7.472,7.542
255.65,0.651,8.529,8.553
256.57,0.22,7.141,7.144
257.43,0.858,7.141,7.193
258.3,0.821,5.295,5.359
259.16,2.504,5.457,6.004
260.03,3.111,3.672,4.812
260.89,2.685,3.722,4.59
261.76,2.642,2.528,3.657
262.62,2.026,0.871,2.205
263.54,2.711,3.68,4.571
264.45,2.351,7.738,8.088
265.37,4.771,9.517,10.646
266.29,5.93,9.462,11.167
267.2,4.226,8.863,9.819
268.17,3.945,8.991,9.818
269.08,4.169,9.823,10.671
269.95,4.485,6.543,7.933
270.81,4.375,6.322,7.688
271.68,4.875,5.22,7.142
272.55,4.141,6.727,7.9
273.41,4.381,9.706,10.649
274.28,5.297,10.561,11.815
275.19,5.003,11.716,12.74
276.06,3.455,10.336,10.898
276.92,2.392,9.669,9.96
277.84,1.885,8.318,8.529
278.71,2.755,5.796,6.418
279.57,2.776,7.102,7.625
280.44,2.594,6.46,6.961
281.3,2.541,5.208,5.795
282.22,2.305,4.925,5.438
283.18,2.095,3.976,4.494
284.05,1.153,4.453,4.599
284.91,-0.371,4.945,4.959
285.78,-0.508,6.86,6.879
286.64,1.233,7.229,7.333
287.51,1.733,6.703,6.923
288.37,1.975,6.458,6.753
289.24,-0.352,6.949,6.958
290.21,1.958,6.995,7.263
291.17,4.862,8.025,9.383
292.04,4.152,5.825,7.153
292.95,4.299,5.746,7.176
293.87,6.312,6.286,8.908
294.78,9.043,6.288,11.015
295.7,8.103,4.241,9.146
296.56,8.256,6.668,10.613
297.43,7.917,7.253,10.737
298.35,6.597,7.456,9.956
299.21,7.264,8.57,11.234
300.08,8.319,7.486,11.191
300.95,6.13,8.059,10.126
301.81,5.456,7.783,9.505
302.68,6.776,6.865,9.646
303.54,7.061,5.524,8.965
304.41,7.457,4.359,8.638
305.28,7.513,5.431,9.27
306.19,9.056,4.868,10.282
307.11,10.053,5.427,11.424
307.97,9.74,6.082,11.483
308.84,9.581,6.534,11.597
309.71,8.724,5.886,10.523
310.62,7.07,4.749,8.517
311.49,6.55,3.367,7.365
312.35,5.942,6.352,8.698
313.22,5.088,7.538,9.094
314.18,4.123,6.229,7.47
315.05,7.561,5.341,9.257
315.91,10.27,4.107,11.061
316.78,8.519,3.574,9.238
317.64,8.038,2.957,8.565
318.51,7.83,3.697,8.659
319.37,7.745,4.065,8.747
320.24,7.191,3.685,8.08
321.21,7.571,1.98,7.826
322.07,8.776,2.171,9.041
322.94,9.834,1.891,10.014
323.8,9.154,2.866,9.593
324.72,10.645,1.612,10.766
325.58,9.562,3.415,10.154
326.5,9.095,3.999,9.935
327.41,10.059,4.589,11.056
328.28,10.1,6.35,11.931
329.19,10.07,7.184,12.37
330.06,8.677,5.167,10.099
330.92,7.432,7.746,10.735
331.79,7.289,8.839,11.457
332.66,7.102,8.198,10.847
333.52,7.504,7.806,10.828
334.39,5.3,8.185,9.751
335.31,7.74,8.72,11.66
336.22,9.08,8.288,12.294
337.09,9.216,8.469,12.517
337.95,10.79,9.587,14.434
338.87,7.766,10.813,13.313
339.74,7.125,10.564,12.742
340.6,5.033,11.141,12.225
341.47,5.347,10.329,11.631
342.34,6.109,11.343,12.883
343.2,8.017,12.802,15.105
344.07,8.931,11.687,14.709
344.94,7.103,11.836,13.804
345.8,6.659,12.922,14.537
346.67,6.969,13.339,15.05
347.53,5.202,13.296,14.277
348.4,4.301,12.367,13.094
349.26,4.585,12.437,13.255
350.23,4.89,11.231,12.25
351.09,4.929,9.735,10.912
351.96,4.601,11.537,12.42
352.83,3.589,9.158,9.836
353.69,1.223,8.624,8.71
354.56,3.13,9.736,10.226
355.42,5.069,10.882,12.005
356.29,3.927,11.989,12.616
357.2,3.603,9.538,10.195
358.07,4.329,11.713,12.488
358.93,4.633,12.797,13.609
