num_evs,num_tasks,ev_range,maze_loop_percentage,maze_size,bms,timesteps,num_tasks_finished,ev_distance,drone_distance
20,100,3000,80,38,0,233,88,1658.0,0.0
20,100,3000,60,36,0,165,86,1584.0,0.0
20,100,3000,65,37,1,175,87,1470.0,1065.9838125840545
20,100,3000,85,36,1,177,94,1344.0,714.2546614725476
20,100,3000,70,39,1,175,74,1786.0,1119.8960758342862
20,100,3000,65,35,1,171,93,1376.0,794.4875115161328
20,100,3000,90,37,0,233,94,1530.0,0.0
20,100,3000,70,40,0,231,84,1622.0,0.0
20,100,3000,70,35,0,233,90,1436.0,0.0
20,100,3000,70,35,1,169,97,1262.0,813.9014562643025
20,100,3000,70,37,0,169,87,1546.0,0.0
20,100,3000,65,42,1,175,78,1626.0,908.6251245589925
20,100,3000,80,41,0,177,84,1696.0,0.0
20,100,3000,70,42,0,259,70,1440.0,0.0
20,100,3000,90,45,1,161,69,1380.0,1013.7634109221472
20,100,3000,85,45,0,177,69,1442.0,0.0
20,100,3000,60,45,1,149,63,1222.0,1013.1494886473174
20,100,3000,60,48,0,167,44,1050.0,0.0
20,100,3000,60,46,1,113,64,1266.0,749.7234441827023
20,100,3000,75,46,0,173,67,1438.0,0.0
20,100,3000,65,45,1,155,58,1168.0,980.1763148191816
20,100,3000,90,47,0,225,68,1378.0,0.0
20,100,3000,85,45,0,227,70,1600.0,0.0
20,100,3000,90,48,0,175,65,1428.0,0.0
20,100,3000,85,47,1,179,66,1044.0,820.1140521009938
20,100,3000,65,48,0,163,54,1198.0,0.0
20,100,3000,65,46,1,157,59,1214.0,689.9954412102154
20,100,3000,65,46,0,179,59,1162.0,0.0
20,100,3000,90,49,1,229,59,1356.0,831.4110062035976
20,100,3000,85,49,1,195,67,1386.0,1007.8150933942435
20,100,3000,75,50,1,177,56,1100.0,907.664795859957
20,100,3000,60,49,1,157,48,1162.0,749.4481498179833
20,100,3000,90,38,1,175,89,1360.0,699.5311107621421
20,100,3000,75,35,1,165,90,1258.0,671.7061765595545
20,100,3000,75,44,0,225,72,1456.0,0.0
20,100,3000,70,39,1,127,86,1430.0,997.8619883711874
20,100,3000,80,41,1,177,72,1598.0,963.4768865167704
20,100,3000,65,42,1,229,72,1438.0,830.0953827046687
20,100,3000,60,40,1,133,82,1260.0,906.9801447244354
20,100,3000,60,38,1,177,91,1530.0,991.0968641871059
20,100,3000,90,43,1,109,85,1240.0,921.0451191001292
20,100,3000,75,49,0,115,57,1166.0,0.0
20,100,3000,60,36,0,175,81,1732.0,0.0
20,100,3000,60,42,0,221,66,1528.0,0.0
20,100,3000,80,36,0,171,91,1240.0,0.0
20,100,3000,65,44,0,115,62,1040.0,0.0
20,100,3000,75,46,0,179,66,1490.0,0.0
20,100,3000,60,49,1,119,60,1012.0,761.5915726283233
20,100,3000,65,46,1,117,59,1196.0,695.5456807586344
20,100,3000,85,41,1,223,80,1586.0,860.765290481145
20,100,3000,70,44,0,285,75,1712.0,0.0
20,100,3000,70,43,0,119,68,1374.0,0.0
20,100,3000,60,44,0,225,66,1514.0,0.0
20,100,3000,60,36,1,119,76,1174.0,630.687065169978
20,100,3000,80,46,1,175,73,1286.0,880.457408822652
20,100,3000,65,48,0,179,58,1154.0,0.0
20,100,3000,85,45,0,229,75,1798.0,0.0
20,100,3000,80,46,1,169,64,1252.0,770.6967860671023
20,100,3000,90,40,1,177,85,1400.0,834.4074017081441
20,100,3000,80,41,1,163,78,1440.0,1064.1069774475388
20,100,3000,80,38,1,221,90,1604.0,831.8984393123563
20,100,3000,90,35,0,169,96,1414.0,0.0
20,100,3000,60,35,0,175,88,1586.0,0.0
20,100,3000,75,37,0,283,95,1646.0,0.0
20,100,3000,80,40,1,167,86,1344.0,870.4891518987691
20,100,3000,60,36,0,119,85,1340.0,0.0
20,100,3000,60,37,1,179,88,1788.0,908.3555637858769
20,100,3000,75,39,1,129,79,1244.0,970.3005213809826
20,100,3000,75,43,1,159,63,1102.0,852.0930213636502
20,100,3000,90,47,0,229,68,1616.0,0.0
20,100,3000,60,38,0,173,87,1402.0,0.0
20,100,3000,70,46,0,177,56,1158.0,0.0
20,100,3000,60,40,0,223,79,1542.0,0.0
20,100,3000,80,36,0,175,91,1646.0,0.0
20,100,3000,80,42,1,175,75,1540.0,824.5279180376755
20,100,3000,70,46,0,165,61,1218.0,0.0
20,100,3000,85,35,1,173,92,1284.0,764.6655791065846
20,100,3000,85,50,1,179,62,1156.0,993.0843983219324
20,100,3000,65,48,0,177,56,1404.0,0.0
20,100,3000,80,40,1,171,83,1452.0,856.2469839478125
20,100,3000,75,36,1,227,87,1408.0,742.2101760920038
20,100,3000,65,46,0,225,59,1292.0,0.0
20,100,3000,75,44,1,167,68,1128.0,871.1163543257845
20,100,3000,75,49,0,223,61,1548.0,0.0
20,100,3000,70,48,0,169,54,1050.0,0.0
20,100,3000,70,47,1,175,61,1112.0,952.7509216626194
20,100,3000,85,48,0,175,58,1330.0,0.0
20,100,3000,70,47,1,115,57,1256.0,742.7646582025434
20,100,3000,90,41,0,119,77,1488.0,0.0
20,100,3000,80,48,1,117,55,798.0,871.9168962915862
20,100,3000,65,37,1,117,83,1270.0,784.6227698810047
20,100,2990,60,39,1,207,81,1248.0,1007.3787642270518
20,100,3000,60,49,0,215,56,1244.0,0.0
20,100,2990,90,38,1,157,94,1320.0,790.9052852406701
20,100,2990,80,36,1,115,86,1374.0,709.5756518984133
20,100,2990,75,37,0,227,66,1294.0,0.0
20,100,2990,70,38,1,223,82,1442.0,986.367882601351
20,100,2990,65,40,1,165,76,1290.0,817.5545635086468
20,100,2990,65,39,0,171,78,1578.0,0.0
20,100,2990,80,37,0,167,84,1620.0,0.0
20,100,2990,85,40,1,169,80,1406.0,938.7749005608417
20,100,2990,60,40,0,165,73,1388.0,0.0
20,100,3000,85,39,0,177,88,1628.0,0.0
20,100,2990,85,38,0,165,84,1384.0,0.0
20,100,3000,65,50,1,173,49,1144.0,952.7051001087104
20,100,2990,80,45,1,107,71,1134.0,941.6358327400415
20,100,3000,90,47,0,173,68,1322.0,0.0
20,100,3000,90,42,1,227,81,1390.0,757.7854802585936
20,100,3000,90,42,1,171,80,1358.0,878.8107106528365
20,100,2990,75,36,0,165,84,1318.0,0.0
20,100,2990,70,39,0,165,67,1336.0,0.0
20,100,2990,85,36,1,223,97,1416.0,827.418583291737
20,100,2990,80,35,1,169,83,1428.0,721.3131169826038
20,100,2990,60,42,0,165,66,1426.0,0.0
20,100,3000,85,46,0,225,51,1214.0,0.0
20,100,2990,85,43,1,161,79,1488.0,959.3053265748679
20,100,2990,75,44,0,273,79,1764.0,0.0
20,100,3000,60,47,0,229,56,1382.0,0.0
20,100,3000,90,50,0,173,61,1432.0,0.0
20,100,2990,85,42,1,231,83,1534.0,1001.0832865369756
20,100,2990,70,39,0,157,72,1312.0,0.0
20,100,2990,90,47,1,171,67,1418.0,857.4298968403101
20,100,2990,60,48,0,113,56,930.0,0.0
20,100,2990,90,47,0,159,63,1342.0,0.0
20,100,2990,75,41,1,217,71,1194.0,849.6097690397858
20,100,2990,60,37,1,169,88,1602.0,925.1145303343111
20,100,2990,75,37,1,221,89,1328.0,885.0919147674215
20,100,2990,85,35,1,217,92,1228.0,789.4680790983914
20,100,2990,60,35,0,167,77,1708.0,0.0
20,100,2990,65,38,1,115,81,1138.0,910.1355064611679
20,100,2990,65,46,0,167,68,1450.0,0.0
20,100,2990,75,40,1,157,81,1232.0,902.3073206825981
20,100,2990,85,44,1,223,52,972.0,764.2590953554986
20,100,2990,80,37,1,227,86,1702.0,864.4071960920036
20,100,2990,85,42,0,217,72,1286.0,0.0
20,100,2990,90,38,1,163,94,1332.0,797.4888817011564
20,100,2990,60,40,0,231,74,1550.0,0.0
20,100,2990,90,44,0,163,69,1198.0,0.0
20,100,2990,75,36,0,115,89,1512.0,0.0
20,100,2990,60,44,0,161,47,990.0,0.0
20,100,2990,80,44,0,275,71,1376.0,0.0
20,100,2990,75,44,0,165,71,1750.0,0.0
20,100,2990,75,46,0,157,60,1324.0,0.0
20,100,2990,90,41,0,217,57,1414.0,0.0
20,100,2990,60,47,0,165,45,1042.0,0.0
20,100,2990,60,48,1,171,61,1172.0,1076.0428810284664
20,100,2990,75,45,0,115,59,1244.0,0.0
20,100,2990,70,46,1,171,69,1228.0,911.3289591850752
20,100,2990,70,44,0,167,67,1664.0,0.0
20,100,2990,75,48,1,225,54,1012.0,745.3272228680228
20,100,2990,60,40,0,165,52,1200.0,0.0
20,100,2990,70,40,0,173,69,1456.0,0.0
20,100,2990,60,44,1,129,47,860.0,797.345992695198
20,100,2990,75,48,1,165,54,1124.0,972.2277892783501
20,100,2990,90,46,1,165,74,1208.0,967.1919098176324
20,100,2990,90,50,1,171,49,1044.0,855.6495624841107
20,100,2990,90,50,0,163,44,942.0,0.0
20,100,2990,60,49,1,103,43,734.0,598.1529062118252
20,100,2990,85,36,1,115,94,1328.0,695.7815642810542
20,100,2990,75,35,1,167,84,1462.0,825.3264671105251
20,100,2990,90,36,0,113,96,1246.0,0.0
20,100,2990,60,44,1,167,54,1300.0,962.6495312387304
20,100,2990,75,40,0,147,76,1486.0,0.0
20,100,2990,75,36,0,221,93,1730.0,0.0
20,100,2990,75,39,1,173,89,1644.0,1131.1565879335096
20,100,2990,65,41,0,169,69,1412.0,0.0
20,100,2990,70,44,1,165,69,1288.0,1006.4657487444272
20,100,2990,60,44,1,167,68,1186.0,1103.3154132557272
20,100,2990,80,35,1,223,95,1560.0,1057.5817577044606
20,100,2990,65,38,0,169,78,1432.0,0.0
20,100,2990,70,41,1,159,70,1240.0,882.6030110185795
20,100,2990,85,44,1,171,68,1590.0,899.0403758946188
20,100,2990,60,46,0,169,61,1254.0,0.0
20,100,2990,80,43,0,167,71,1506.0,0.0
20,100,2990,75,39,0,223,79,1676.0,0.0
20,100,2990,70,43,1,121,66,1248.0,916.3938838130005
20,100,2990,85,45,1,171,71,1410.0,1140.1201214000073
20,100,2990,80,36,0,163,88,1326.0,0.0
20,100,2990,65,46,0,213,62,1224.0,0.0
20,100,2990,60,40,1,169,70,1612.0,812.0505940032322
20,100,2990,90,46,1,107,71,982.0,764.779851713075
20,100,2990,70,46,1,225,57,1330.0,906.5777564452545
20,100,2990,75,45,0,221,65,1814.0,0.0
20,100,2990,80,45,1,209,61,1114.0,811.4805096103471
20,100,2990,65,47,0,147,55,1230.0,0.0
20,100,2990,70,50,0,113,48,1162.0,0.0
20,100,2990,90,46,0,165,65,1232.0,0.0
20,100,2990,60,49,0,147,41,880.0,0.0
20,100,2990,80,43,1,273,71,1620.0,881.6590432031614
20,100,2990,75,37,1,169,89,1304.0,802.7292073177748
20,100,2980,65,36,0,153,82,1104.0,0.0
20,100,2990,80,39,0,141,92,1182.0,0.0
20,100,2990,90,35,0,327,94,1378.0,0.0
20,100,2980,70,39,1,171,74,1344.0,951.0340084985198
20,100,2980,80,35,1,169,85,1516.0,787.3274421440616
20,100,2990,70,48,1,167,57,944.0,908.0666584465647
20,100,2990,65,35,1,263,85,1656.0,821.3196329451563
20,100,2980,80,39,0,171,83,1484.0,0.0
20,100,2990,60,38,0,167,71,1386.0,0.0
20,100,2980,90,35,1,113,95,1370.0,740.6741868598895
20,100,2980,90,37,1,169,89,1462.0,1006.4776492757424
20,100,2980,85,42,0,157,65,1094.0,0.0
20,100,2980,90,40,0,215,71,1266.0,0.0
20,100,2990,60,48,0,167,51,1228.0,0.0
20,100,2980,70,39,1,113,85,1028.0,944.4006044316392
20,100,2990,90,44,0,161,72,1390.0,0.0
20,100,2990,90,44,1,121,65,1350.0,1098.3881737944266
20,100,2980,65,43,1,285,71,1604.0,966.2030161539406
20,100,2980,80,48,0,213,59,1166.0,0.0
20,100,2980,80,37,0,217,88,1624.0,0.0
20,100,2990,60,46,0,163,57,1284.0,0.0
20,100,2980,85,36,0,165,91,1308.0,0.0
20,100,2980,90,43,1,225,77,1584.0,1090.3426308294722
20,100,2980,85,50,1,165,52,1150.0,933.770735284879
20,100,2980,65,38,1,167,82,1440.0,900.0819937690007
20,100,2980,90,48,0,113,58,996.0,0.0
20,100,2980,80,50,1,75,53,862.0,753.9386039960484
20,100,2980,75,50,0,219,54,1182.0,0.0
20,100,2980,90,50,1,169,55,988.0,792.717592614062
20,100,2980,80,37,0,111,82,1024.0,0.0
20,100,2990,85,50,1,167,60,1056.0,1064.4548308658002
20,100,2980,60,35,0,159,86,1588.0,0.0
20,100,2980,75,46,1,281,61,1472.0,739.6675309837083
20,100,2980,75,39,0,267,75,1368.0,0.0
20,100,2980,90,41,1,161,82,1222.0,912.7765407674374
20,100,2980,60,39,1,185,74,1250.0,984.5349325553831
20,100,2980,80,41,1,169,87,1422.0,1114.7548951756492
20,100,2980,70,41,0,213,69,1420.0,0.0
20,100,2980,70,49,0,115,56,1250.0,0.0
20,100,2980,90,42,1,221,81,1490.0,985.9103381503891
20,100,2980,80,40,0,169,74,1458.0,0.0
20,100,2980,65,35,0,219,78,1572.0,0.0
20,100,2980,65,45,0,157,61,1080.0,0.0
20,100,2980,75,38,0,169,80,1406.0,0.0
20,100,2980,90,40,1,163,85,1352.0,918.5795122944365
20,100,2980,75,44,0,171,68,1514.0,0.0
20,100,2980,75,35,1,167,87,1230.0,885.3914622923904
20,100,2980,75,47,1,169,61,966.0,791.6272038962805
20,100,2980,90,46,0,225,59,1218.0,0.0
20,100,2980,90,48,1,215,65,1340.0,1178.3244800959405
20,100,2980,80,49,0,227,55,1198.0,0.0
20,100,2980,75,47,0,167,60,1304.0,0.0
20,100,2980,85,35,0,225,89,1246.0,0.0
20,100,2980,85,45,0,223,69,1422.0,0.0
20,100,2980,90,46,1,115,54,1084.0,703.4853167416824
20,100,2980,75,47,1,161,60,1090.0,785.7069980936703
20,100,2980,80,37,0,169,82,1450.0,0.0
20,100,2980,60,44,1,183,60,1246.0,924.274851354211
20,100,2980,60,48,1,171,49,1326.0,965.9989319819407
20,100,2980,80,48,1,167,49,1144.0,909.5097336785534
20,100,2980,80,44,0,169,76,1466.0,0.0
20,100,2980,90,43,1,165,74,1254.0,1058.528879330133
20,100,2980,90,35,1,167,96,1270.0,674.4522543142311
20,100,2980,80,35,1,165,97,1112.0,756.4118313903385
20,100,2980,70,39,0,111,83,1486.0,0.0
20,100,2980,60,44,1,163,61,1242.0,860.9637168202426
20,100,2980,90,40,1,163,84,1324.0,820.7707966158192
20,100,2980,75,39,0,213,88,1598.0,0.0
20,100,2980,80,41,1,119,78,1180.0,853.2010741803286
20,100,2980,60,37,0,169,67,1280.0,0.0
20,100,2980,65,36,1,165,85,1528.0,868.084801450804
20,100,2980,85,43,1,225,73,1212.0,1043.8614604506822
20,100,2980,60,38,0,219,71,1534.0,0.0
20,100,2980,65,42,1,171,60,1096.0,651.0924580079915
20,100,2980,75,50,0,171,58,1336.0,0.0
20,100,2980,85,41,0,229,83,1698.0,0.0
20,100,2980,75,42,0,169,66,1420.0,0.0
20,100,2980,90,39,1,169,84,1252.0,839.1344838876095
20,100,2980,70,42,1,171,72,1462.0,812.6544958589049
20,100,2980,80,42,0,229,77,1762.0,0.0
20,100,2980,80,39,1,171,82,1438.0,1029.516023929501
20,100,2980,85,39,1,225,89,1514.0,1008.3286676434333
20,100,2980,65,42,0,245,72,1672.0,0.0
20,100,2980,75,45,0,155,60,1154.0,0.0
20,100,2980,90,42,1,169,81,1486.0,851.0966479658613
20,100,2980,70,47,0,109,56,1080.0,0.0
20,100,2980,60,46,1,169,53,1086.0,693.3640255930862
20,100,2980,80,47,1,171,66,1076.0,921.8775450117602
20,100,2980,65,47,0,215,69,1384.0,0.0
20,100,2980,85,48,1,215,60,1362.0,1026.1618996966229
20,100,2980,65,35,1,163,93,1406.0,844.934310420579
20,100,2980,85,46,0,171,64,1434.0,0.0
20,100,2980,60,48,0,169,44,1234.0,0.0
20,100,2980,90,49,0,157,60,1322.0,0.0
20,100,2980,80,37,0,173,85,1548.0,0.0
20,100,2980,60,49,0,171,52,1096.0,0.0
20,100,2970,85,35,1,167,94,1210.0,784.3155331469679
20,100,2980,75,45,1,163,72,1452.0,897.9110291447046
20,100,2970,70,36,0,219,74,1498.0,0.0
20,100,2980,80,38,0,167,88,1594.0,0.0
20,100,2970,80,40,1,171,74,1134.0,826.3606013692296
20,100,2970,70,40,1,161,83,1374.0,887.0960828734925
20,100,2980,65,42,0,271,63,1576.0,0.0
20,100,2970,65,35,0,171,91,1506.0,0.0
20,100,2970,70,39,1,167,88,1450.0,907.2797469713539
20,100,2970,60,35,1,107,92,1308.0,875.0746647942275
20,100,2980,70,45,1,165,69,1084.0,883.2656690241789
20,100,2980,80,45,0,287,58,1364.0,0.0
20,100,2980,75,44,1,121,65,1056.0,1011.4153407657149
20,100,2980,70,49,0,165,54,1354.0,0.0
20,100,2970,80,38,0,163,85,1362.0,0.0
20,100,2980,80,47,1,159,68,1040.0,816.1035661737004
20,100,2970,60,48,0,207,44,1030.0,0.0
20,100,2980,70,47,0,225,56,1284.0,0.0
20,100,2980,75,49,0,171,57,1420.0,0.0
20,100,2980,85,48,1,115,60,1084.0,928.370553841448
20,100,2980,85,50,0,113,54,1044.0,0.0
20,100,2970,60,38,1,159,76,1410.0,786.6423321579182
20,100,2970,85,45,0,159,60,1290.0,0.0
20,100,2980,60,49,1,107,60,870.0,789.6189416198209
20,100,2970,75,46,1,115,52,940.0,761.095517276219
20,100,2970,90,50,1,223,61,1222.0,1092.370063989903
20,100,2970,65,47,0,171,61,1472.0,0.0
20,100,2970,90,39,0,115,89,1404.0,0.0
20,100,2980,60,50,1,167,52,786.0,1151.4372037865312
20,100,2970,60,50,0,169,36,886.0,0.0
20,100,2970,75,35,0,113,82,1270.0,0.0
20,100,2970,60,42,1,167,74,1322.0,879.250304205216
20,100,2970,75,35,0,171,87,1486.0,0.0
20,100,2970,90,50,0,167,50,1190.0,0.0
20,100,2970,70,37,1,111,77,1174.0,577.4295733131976
20,100,2970,80,50,1,113,53,1072.0,907.1747274447952
20,100,2970,85,37,0,115,89,1448.0,0.0
20,100,2970,90,35,1,173,86,1276.0,718.697236839406
20,100,2970,85,40,1,111,75,1084.0,780.579825690158
20,100,2970,65,41,0,165,73,1788.0,0.0
20,100,2970,80,37,0,153,89,1420.0,0.0
20,100,2970,80,43,0,167,71,1490.0,0.0
20,100,2970,85,40,0,171,83,1710.0,0.0
20,100,2970,60,43,1,169,56,1102.0,772.3510483387217
20,100,2970,65,46,1,113,58,1002.0,758.2961972876358
20,100,2970,70,47,1,107,48,776.0,647.8929715491398
20,100,2970,85,39,0,277,75,1668.0,0.0
20,100,2970,80,43,0,169,69,1462.0,0.0
20,100,2970,75,42,1,227,76,1380.0,819.7798499527372
20,100,2970,60,43,1,227,65,1238.0,850.2995179521511
20,100,2970,80,39,0,217,83,1502.0,0.0
20,100,2970,65,42,0,219,76,1694.0,0.0
20,100,2970,60,43,1,173,64,1126.0,983.8473064627715
20,100,2970,80,40,0,165,74,1308.0,0.0
20,100,2970,90,47,0,335,66,1342.0,0.0
20,100,2970,85,42,1,165,78,1388.0,992.690098689645
20,100,2970,90,42,1,161,74,1306.0,798.8517053872816
20,100,2970,65,46,1,115,52,1148.0,685.3979113016961
20,100,2970,90,36,0,165,93,1472.0,0.0
20,100,2970,80,47,0,165,57,1180.0,0.0
20,100,2970,65,50,0,205,48,1124.0,0.0
20,100,2970,65,50,1,157,54,1086.0,1060.1088970232684
20,100,2970,75,38,1,175,92,1308.0,727.5424484163017
20,100,2970,85,48,1,213,68,1250.0,1190.4523606335954
20,100,2970,75,44,1,161,72,1406.0,1089.5017471093981
20,100,2970,80,36,0,147,89,1570.0,0.0
20,100,2970,90,36,1,113,88,1398.0,850.8277563732664
20,100,2970,65,38,0,113,72,1420.0,0.0
20,100,2970,60,38,1,227,81,1620.0,905.9947637395371
20,100,2970,75,35,1,169,90,1586.0,746.42289904161
20,100,2970,65,35,0,171,90,1682.0,0.0
20,100,2970,80,40,1,169,84,1372.0,845.5303468502723
20,100,2970,90,38,0,113,86,1358.0,0.0
20,100,2970,80,35,0,163,94,1556.0,0.0
20,100,2970,85,43,1,169,62,1236.0,865.1876869264794
20,100,2970,65,41,1,155,77,1414.0,945.8872238362219
20,100,2970,65,44,0,227,59,1316.0,0.0
20,100,2970,75,42,0,223,74,1674.0,0.0
20,100,2970,85,44,0,111,66,1132.0,0.0
20,100,2970,85,40,0,231,80,1510.0,0.0
20,100,2970,70,36,0,169,83,1776.0,0.0
20,100,2970,90,42,1,165,65,1302.0,949.3337534442229
20,100,2970,80,40,1,111,82,1058.0,845.0107303266727
20,100,2970,80,39,0,165,88,1674.0,0.0
20,100,2970,85,44,1,217,75,1524.0,1021.6431179659043
20,100,2970,90,45,1,155,77,1266.0,974.6754913483214
20,100,2970,60,46,0,223,51,1202.0,0.0
20,100,2970,80,47,0,165,53,1156.0,0.0
20,100,2970,80,48,0,213,56,1194.0,0.0
20,100,2970,85,39,1,115,85,1466.0,891.207293458662
20,100,2970,90,44,1,133,68,1066.0,861.2339978103576
20,100,2970,90,42,1,227,78,1420.0,944.4533027505831
20,100,2970,80,36,0,111,97,1312.0,0.0
20,100,2970,80,45,0,115,71,1480.0,0.0
20,100,2970,90,47,0,173,65,1362.0,0.0
20,100,2970,75,35,0,169,81,1178.0,0.0
20,100,2970,70,48,1,213,51,1188.0,888.8101749688317
20,100,2970,60,36,1,159,78,1244.0,742.7859169020232
20,100,2970,70,48,1,109,51,992.0,982.5845188883179
20,100,2970,90,37,1,115,96,1202.0,727.0398717692385
20,100,2970,90,38,1,165,83,1290.0,758.853319795443
20,100,2970,60,40,0,253,71,1562.0,0.0
20,100,2960,85,41,1,171,81,1508.0,791.864558351228
20,100,2970,85,41,1,171,79,1508.0,1048.1282822654855
20,100,2970,70,42,1,131,68,1032.0,743.6350965781791
20,100,2970,70,41,1,205,67,1256.0,803.3407898018086
20,100,2970,60,44,1,167,42,872.0,785.9248726156593
20,100,2960,85,37,1,169,87,1268.0,843.7998214261044
20,100,2960,60,38,0,223,74,1720.0,0.0
20,100,2960,75,37,1,159,88,1512.0,816.045260189561
20,100,2970,80,44,0,171,67,1452.0,0.0
20,100,2960,90,41,1,127,79,1206.0,1014.2765313430583
20,100,2960,70,36,1,223,85,1570.0,830.092613966277
20,100,2970,75,47,1,111,56,942.0,746.5854899115939
20,100,2960,60,44,0,161,68,1518.0,0.0
20,100,2970,90,47,0,161,71,1526.0,0.0
20,100,2970,85,45,0,157,68,1392.0,0.0
20,100,2960,90,46,1,111,58,980.0,779.633286871836
20,100,2960,60,39,0,275,79,1840.0,0.0
20,100,2960,65,41,0,171,69,1420.0,0.0
20,100,2970,80,48,1,159,60,1002.0,926.777969077978
20,100,2960,75,43,1,115,78,1316.0,867.1564783307853
20,100,2970,85,47,0,279,64,1206.0,0.0
20,100,2970,80,50,0,159,53,1088.0,0.0
20,100,2970,90,50,0,165,53,1052.0,0.0
20,100,2960,80,48,0,163,54,1346.0,0.0
20,100,2960,60,36,1,167,87,1416.0,716.507137153226
20,100,2960,85,39,0,167,84,1460.0,0.0
20,100,2960,85,39,1,209,82,1490.0,996.3346470304715
20,100,2960,90,50,0,167,41,874.0,0.0
20,100,2960,80,37,0,165,85,1442.0,0.0
20,100,2960,60,43,0,167,66,1118.0,0.0
20,100,2960,65,41,1,159,75,1286.0,809.6064710591646
20,100,2960,85,48,0,171,50,1410.0,0.0
20,100,2960,70,42,1,345,69,1520.0,762.3854367692253
20,100,2960,70,43,1,113,72,1248.0,785.4346434020233
20,100,2960,75,44,1,171,60,1282.0,997.1258260841071
20,100,2960,70,46,0,169,62,1438.0,0.0
20,100,2960,70,45,1,285,64,1462.0,974.0377304551969
20,100,2960,70,46,0,157,62,1304.0,0.0
20,100,2960,60,45,0,165,61,1348.0,0.0
20,100,2960,90,41,1,173,84,1498.0,955.2139342848942
20,100,2960,80,45,0,153,63,1222.0,0.0
20,100,2960,60,49,1,283,57,1070.0,800.996750797169
20,100,2960,70,47,1,229,56,1326.0,836.9546319092365
20,100,2960,65,48,1,111,55,884.0,894.7454596439228
20,100,2960,75,42,0,167,73,1582.0,0.0
20,100,2960,90,48,1,163,58,1074.0,827.548814886961
20,100,2960,60,49,0,213,52,1126.0,0.0
20,100,2960,80,40,1,205,82,1302.0,864.6570589871909
20,100,2960,85,47,1,169,66,1242.0,804.7617864663478
20,100,2960,70,35,0,157,91,1342.0,0.0
20,100,2960,65,48,0,225,56,1444.0,0.0
20,100,2960,75,47,1,111,62,826.0,782.3452101061177
20,100,2960,75,37,0,171,88,1558.0,0.0
20,100,2960,65,50,0,113,42,906.0,0.0
20,100,2960,80,37,1,115,86,1280.0,812.9246191645348
20,100,2960,85,48,0,221,63,1602.0,0.0
20,100,2960,60,40,0,219,75,1694.0,0.0
20,100,2960,65,49,1,269,50,1266.0,613.9354749146431
20,100,2960,70,36,1,145,88,1376.0,855.6103534570468
20,100,2960,85,48,0,227,49,1220.0,0.0
20,100,2960,70,50,0,167,48,1282.0,0.0
20,100,2960,70,36,1,107,92,1144.0,728.1293419201356
20,100,2960,85,36,0,167,82,1456.0,0.0
20,100,2960,65,37,1,173,74,1334.0,957.8586985940727
20,100,2960,60,40,0,223,67,1380.0,0.0
20,100,2960,65,36,1,163,81,1298.0,710.6997054990416
20,100,2960,75,42,0,279,74,1602.0,0.0
20,100,2960,60,38,0,221,76,1550.0,0.0
20,100,2960,70,48,1,225,56,1086.0,941.7024732817705
20,100,2960,80,35,1,115,93,1264.0,799.1968855643587
20,100,2960,80,41,0,171,80,1350.0,0.0
20,100,2960,60,36,1,213,84,1304.0,768.1592731619171
20,100,2960,65,44,1,159,61,1338.0,927.7349855179017
20,100,2960,80,45,1,171,64,1258.0,1035.989513501792
20,100,2960,65,49,0,217,46,1332.0,0.0
20,100,2960,65,48,1,165,41,896.0,827.565078886762
20,100,2960,70,46,0,113,62,1238.0,0.0
20,100,2960,85,42,1,111,77,1266.0,803.1905834193716
20,100,2960,85,48,0,171,68,1414.0,0.0
20,100,2960,70,48,0,219,62,1396.0,0.0
20,100,2960,60,44,0,219,62,1516.0,0.0
20,100,2960,70,50,0,213,44,1242.0,0.0
20,100,2960,60,35,1,151,89,1332.0,777.7530054835197
20,100,2960,75,50,1,165,49,1168.0,846.8338485783673
20,100,2960,60,49,1,119,46,744.0,757.6301070974193
20,100,2960,90,44,0,169,62,1290.0,0.0
20,100,2960,60,35,0,215,77,1324.0,0.0
20,100,2960,75,37,1,163,90,1474.0,930.1618279896117
20,100,2960,70,35,0,165,93,1528.0,0.0
20,100,2960,80,41,0,271,65,1396.0,0.0
20,100,2960,60,40,0,169,65,1498.0,0.0
20,100,2960,75,35,1,169,94,1148.0,774.8283275477204
20,100,2960,65,38,0,225,75,1456.0,0.0
20,100,2960,85,48,0,171,61,1282.0,0.0
20,100,2960,80,47,1,159,53,1070.0,692.4486013360594
20,100,2960,85,39,0,163,70,1528.0,0.0
20,100,2960,75,43,0,173,71,1562.0,0.0
20,100,2960,85,41,1,115,76,1258.0,911.5727750845234
20,100,2960,70,45,0,171,72,1582.0,0.0
20,100,2960,75,37,1,165,90,1320.0,854.1060562275596
20,100,2960,80,41,0,227,73,1562.0,0.0
20,100,2960,70,49,0,169,32,872.0,0.0
20,100,2960,60,46,1,221,46,1098.0,575.0727108442135
20,100,2960,85,39,0,273,88,1540.0,0.0
20,100,2960,70,44,1,113,68,1176.0,766.469252518733
20,100,2960,90,48,1,171,66,1104.0,959.7661785693201
20,100,2950,65,44,1,169,70,1644.0,1183.295417504307
20,100,2950,85,37,0,171,86,1526.0,0.0
20,100,2960,85,48,1,129,63,1162.0,1020.8323214278558
20,100,2950,80,39,1,169,92,1350.0,1123.8278761945976
20,100,2960,80,50,1,221,48,978.0,754.207229519828
20,100,2950,60,50,0,215,38,1090.0,0.0
20,100,2950,85,47,1,115,73,1150.0,970.4346228404394
20,100,2950,90,48,0,207,47,1030.0,0.0
20,100,2950,90,44,1,139,72,1282.0,1042.8600656074188
20,100,2950,60,48,0,155,47,1060.0,0.0
20,100,2960,80,50,0,161,58,1232.0,0.0
20,100,2960,85,49,1,149,48,948.0,708.4192715014007
20,100,2950,65,47,0,157,51,1006.0,0.0
20,100,2950,90,48,1,189,62,1392.0,1025.6601308854795
20,100,2960,70,47,1,101,64,966.0,743.3863666068347
20,100,2950,70,46,1,155,63,1092.0,854.0448267473665
20,100,2960,90,49,0,111,54,1106.0,0.0
20,100,2950,60,36,0,169,86,1442.0,0.0
20,100,2950,65,35,1,159,92,1374.0,832.5576581138258
20,100,2950,65,36,1,149,85,1288.0,812.8793624761769
20,100,2950,80,35,1,171,94,1232.0,873.4687288985546
20,100,2950,90,36,0,113,96,1322.0,0.0
20,100,2950,90,38,0,165,91,1482.0,0.0
20,100,2950,90,38,1,163,79,1320.0,811.7596038433969
20,100,2950,70,39,0,171,82,1486.0,0.0
20,100,2950,80,40,0,167,85,1692.0,0.0
20,100,2950,70,38,1,223,87,1620.0,932.947708959339
20,100,2950,75,38,0,207,81,1646.0,0.0
20,100,2950,80,40,1,283,81,1560.0,881.7535202287881
20,100,2950,60,37,1,115,76,1330.0,891.918487065689
20,100,2950,70,41,0,287,78,1864.0,0.0
20,100,2950,80,45,0,161,73,1378.0,0.0
20,100,2950,75,40,0,165,80,1492.0,0.0
20,100,2950,65,50,1,107,46,954.0,821.7626232780931
20,100,2950,75,36,1,167,91,1470.0,770.3220884128441
20,100,2950,60,46,1,219,46,1040.0,633.3610217656301
20,100,2950,60,37,1,171,81,1314.0,834.7097856579612
20,100,2950,85,40,1,165,85,1310.0,892.5141184991875
20,100,2950,85,36,1,161,94,1136.0,725.0519800208966
20,100,2950,60,46,0,115,50,930.0,0.0
20,100,2950,70,45,0,161,50,1148.0,0.0
20,100,2950,80,45,1,217,72,1404.0,1102.9804843083925
20,100,2950,65,38,0,225,78,1544.0,0.0
20,100,2950,65,40,1,165,62,1190.0,742.6114931761005
20,100,2950,60,50,0,171,42,1134.0,0.0
20,100,2950,70,35,1,165,79,1108.0,689.6813610091555
20,100,2950,85,47,1,167,68,1498.0,1028.4373761680035
20,100,2950,90,39,0,219,90,1504.0,0.0
20,100,2950,75,40,1,227,78,1462.0,965.5757667824635
20,100,2950,90,49,0,171,48,1070.0,0.0
20,100,2950,60,49,1,161,61,1040.0,810.8384009762462
20,100,2950,60,37,1,165,76,1344.0,770.4304165961865
20,100,2950,80,43,0,225,65,1584.0,0.0
20,100,2950,60,43,0,219,67,1278.0,0.0
20,100,2950,70,36,0,209,85,1818.0,0.0
20,100,2950,65,37,1,219,83,1308.0,1015.9650937957282
20,100,2950,75,37,1,155,93,1378.0,797.1291333663462
20,100,2950,75,38,0,279,80,1570.0,0.0
20,100,2950,65,35,0,169,88,1604.0,0.0
20,100,2950,75,49,0,165,48,1074.0,0.0
20,100,2950,65,47,0,153,55,1178.0,0.0
20,100,2950,60,40,0,169,78,1444.0,0.0
20,100,2950,60,50,0,159,44,1138.0,0.0
20,100,2950,90,42,1,163,79,1538.0,867.999331920684
20,100,2950,70,48,0,281,60,1428.0,0.0
20,100,2950,60,44,0,165,58,1440.0,0.0
20,100,2950,65,43,1,165,72,1356.0,909.5845821805201
20,100,2950,85,44,0,169,72,1392.0,0.0
20,100,2950,90,42,0,225,80,1816.0,0.0
20,100,2950,75,35,1,163,90,1340.0,649.161767629938
20,100,2950,80,35,0,113,92,1328.0,0.0
20,100,2950,80,42,0,167,67,1418.0,0.0
20,100,2950,90,35,0,211,95,1642.0,0.0
20,100,2950,75,41,1,115,67,1150.0,962.0388042532661
20,100,2950,75,39,1,217,77,1248.0,1007.8787729405059
20,100,2950,65,49,1,147,60,1058.0,777.9182138023451
20,100,2950,75,47,0,223,60,1450.0,0.0
20,100,2950,75,49,1,111,51,798.0,687.4284640357347
20,100,2950,90,38,1,169,91,1448.0,847.3330686133344
20,100,2950,90,37,0,115,84,1536.0,0.0
20,100,2950,60,40,1,157,66,1124.0,666.4698917884268
20,100,2950,85,36,1,221,87,1356.0,747.7625442962218
20,100,2950,75,35,0,169,95,1422.0,0.0
20,100,2950,70,48,1,109,50,870.0,856.7091199075682
20,100,2950,60,43,0,165,58,1386.0,0.0
20,100,2950,75,39,1,115,86,1362.0,951.0389336039201
20,100,2950,70,42,1,111,67,1094.0,771.4094407555641
20,100,2950,70,44,1,165,68,1300.0,991.0584134475297
20,100,2950,80,41,0,225,83,1614.0,0.0
20,100,2950,90,43,1,219,69,1186.0,773.0970848957436
20,100,2950,80,38,1,129,85,1486.0,1024.8118304988936
20,100,2950,60,42,0,225,63,1566.0,0.0
20,100,2950,80,40,1,167,81,1286.0,911.5751188030787
20,100,2950,85,49,0,171,59,1254.0,0.0
20,100,2940,70,36,1,227,86,1196.0,766.0345114854896
20,100,2950,70,49,1,171,49,1090.0,603.0416455901717
20,100,2940,85,36,0,171,88,1464.0,0.0
20,100,2950,70,41,0,171,74,1566.0,0.0
20,100,2950,65,42,1,131,70,1156.0,843.5448523936193
20,100,2950,65,39,1,171,68,1436.0,911.8395240878076
20,100,2950,85,44,0,167,63,1300.0,0.0
20,100,2940,65,40,0,167,72,1430.0,0.0
20,100,2950,60,42,0,167,71,1578.0,0.0
20,100,2950,80,48,0,165,50,1202.0,0.0
20,100,2950,75,49,0,173,47,1204.0,0.0
20,100,2940,80,36,0,213,92,1578.0,0.0
20,100,2950,80,45,0,163,68,1546.0,0.0
20,100,2940,75,41,0,161,74,1432.0,0.0
20,100,2950,85,46,1,131,72,1404.0,881.5530813662465
20,100,2940,85,36,0,167,92,1526.0,0.0
20,100,2940,75,44,1,169,63,1368.0,1166.9550773851315
20,100,2940,85,35,1,219,87,1578.0,848.5998614903332
20,100,2940,60,35,1,167,91,1396.0,837.8922764844363
20,100,2940,65,45,1,165,53,1244.0,895.2560702453637
20,100,2950,60,42,0,115,59,1240.0,0.0
20,100,2950,80,47,1,221,48,1020.0,703.0261658544138
20,100,2940,65,39,0,115,79,1384.0,0.0
20,100,2940,75,39,0,273,82,1640.0,0.0
20,100,2940,60,42,1,269,62,1520.0,753.5866677956741
20,100,2940,60,41,1,225,59,1256.0,756.9204563606507
20,100,2940,60,47,1,107,46,904.0,730.0199009810326
20,100,2940,90,45,0,115,70,1392.0,0.0
20,100,2940,60,48,0,151,54,920.0,0.0
20,100,2940,75,44,1,165,69,1144.0,787.0412056450308
20,100,2940,80,35,0,165,87,1372.0,0.0
20,100,2940,60,47,1,161,41,920.0,514.460250408982
20,100,2940,90,42,1,273,73,1316.0,779.4144056755038
20,100,2940,60,36,0,209,84,1762.0,0.0
20,100,2940,65,46,1,107,51,914.0,614.9137753791488
20,100,2940,90,47,1,159,60,1188.0,836.6516547993066
20,100,2940,75,48,1,115,62,1158.0,955.2888635762914
20,100,2940,85,48,0,115,50,1156.0,0.0
20,100,2940,75,38,1,169,78,1382.0,806.1877889870022
20,100,2940,90,49,1,89,56,790.0,791.8697633035932
20,100,2940,70,50,0,277,48,1164.0,0.0
20,100,2940,70,47,0,221,57,1430.0,0.0
20,100,2940,60,44,1,207,58,1212.0,881.8685425864197
20,100,2940,70,41,1,223,76,1490.0,1026.2152579201913
20,100,2940,75,45,0,167,58,1466.0,0.0
20,100,2940,65,47,0,165,46,1044.0,0.0
20,100,2940,75,44,0,169,67,1240.0,0.0
20,100,2940,90,50,0,167,57,1136.0,0.0
20,100,2940,80,50,1,101,49,822.0,697.6911420764542
20,100,2940,90,48,0,167,64,1646.0,0.0
20,100,2940,70,37,0,141,74,1406.0,0.0
20,100,2940,80,38,1,171,89,1376.0,896.6650403234058
20,100,2940,75,39,1,171,84,1444.0,1029.755198247875
20,100,2940,65,36,0,221,81,1602.0,0.0
20,100,2940,85,37,0,213,88,1528.0,0.0
20,100,2940,75,35,0,155,87,1390.0,0.0
20,100,2940,60,50,1,165,40,862.0,762.3337839526102
20,100,2940,70,43,0,159,68,1328.0,0.0
20,100,2940,75,43,1,113,65,1224.0,833.0729468410938
20,100,2940,60,45,0,161,47,1042.0,0.0
20,100,2940,75,40,0,167,86,1492.0,0.0
20,100,2940,65,39,1,281,73,1384.0,907.5940714757501
20,100,2940,75,46,1,113,61,1016.0,714.4424998332682
20,100,2940,65,38,0,169,86,1604.0,0.0
20,100,2940,90,44,1,171,71,1528.0,1074.2608067156964
20,100,2940,85,38,1,165,84,1426.0,780.1972022496525
20,100,2940,75,42,0,155,73,1230.0,0.0
20,100,2940,80,48,1,171,55,1030.0,1049.5775845261069
20,100,2940,70,43,1,115,61,1034.0,742.1711106093707
20,100,2940,90,45,0,229,68,1790.0,0.0
20,100,2940,60,49,1,105,40,546.0,624.4978197414501
20,100,2940,85,48,0,157,39,984.0,0.0
20,100,2940,75,48,1,149,56,1046.0,852.4573588459443
20,100,2940,75,49,1,107,43,754.0,610.2350461860808
20,100,2940,80,47,1,159,69,1190.0,875.4390316779376
20,100,2940,75,49,0,157,50,1098.0,0.0
20,100,2940,70,47,1,127,49,914.0,595.3972779715917
20,100,2940,70,48,0,223,60,1462.0,0.0
20,100,2940,70,48,1,121,62,980.0,954.934009538742
20,100,2940,65,50,0,113,38,996.0,0.0
20,100,2940,70,50,0,159,47,1182.0,0.0
20,100,2940,85,48,1,115,55,1012.0,808.6549339161514
20,100,2940,80,49,0,223,62,1544.0,0.0
20,100,2940,85,35,0,283,89,1580.0,0.0
20,100,2940,60,36,1,283,81,1538.0,796.9456398161932
20,100,2930,60,39,1,227,65,1242.0,944.1566779406418
20,100,2940,75,39,0,167,76,1204.0,0.0
20,100,2940,85,39,0,231,78,1530.0,0.0
20,100,2940,60,41,1,129,58,1176.0,734.4238284504029
20,100,2940,90,41,1,115,79,1068.0,920.553836474807
20,100,2940,65,41,0,167,55,1218.0,0.0
20,100,2940,70,43,1,159,69,1168.0,844.5996496700054
20,100,2940,90,41,0,173,86,1382.0,0.0
20,100,2940,80,45,0,169,55,1232.0,0.0
20,100,2940,85,43,0,165,72,1386.0,0.0
20,100,2940,85,44,0,165,59,1202.0,0.0
20,100,2940,85,45,1,163,58,1212.0,825.0138899398944
20,100,2940,60,47,1,161,57,914.0,759.1379738280652
20,100,2940,60,46,0,155,59,1304.0,0.0
20,100,2940,70,45,0,211,60,1514.0,0.0
20,100,2940,60,45,1,225,63,1486.0,1098.974687317721
20,100,2940,60,50,1,155,49,846.0,977.1548633425176
20,100,2940,80,46,0,285,69,1496.0,0.0
20,100,2940,90,46,1,167,66,1162.0,835.2159372084609
20,100,2940,80,50,1,153,50,1054.0,1035.8398799816514
20,100,2940,70,46,0,223,63,1420.0,0.0
20,100,2940,90,47,0,171,60,1336.0,0.0
20,100,2940,70,49,1,109,59,938.0,739.2167593848588
20,100,2940,80,49,1,125,63,928.0,813.4248967592196
20,100,2940,90,49,1,167,59,1184.0,798.5498862349536
20,100,2940,70,48,1,217,54,1198.0,905.1025837198346
20,100,2940,85,50,0,209,57,1164.0,0.0
20,100,2930,75,50,0,173,55,1210.0,0.0
20,100,2930,85,48,1,223,63,1294.0,1007.6783083617452
20,100,2930,80,40,1,173,79,1324.0,877.0375802644191
20,100,2930,70,43,1,219,62,1268.0,902.6592890982239
20,100,2930,65,41,1,159,68,1140.0,750.2685125218651
20,100,2930,60,36,0,219,84,1680.0,0.0
20,100,2930,80,43,1,115,69,1026.0,660.1387358498931
20,100,2940,70,49,0,161,49,1072.0,0.0
20,100,2930,60,41,1,167,76,1462.0,1008.6346648095027
20,100,2930,85,35,0,155,94,1374.0,0.0
20,100,2930,85,40,0,161,77,1474.0,0.0
20,100,2930,65,38,1,113,73,1088.0,769.2220816920811
20,100,2930,85,43,1,175,69,1498.0,877.8600590481776
20,100,2930,80,37,1,163,89,1188.0,804.941004660851
20,100,2930,75,35,1,161,90,1328.0,878.3305952624182
20,100,2930,65,44,0,225,65,1342.0,0.0
20,100,2930,85,42,1,163,80,1344.0,969.6947094589846
20,100,2930,90,44,0,163,75,1460.0,0.0
20,100,2930,85,44,0,219,64,1506.0,0.0
20,100,2930,85,39,0,265,85,1828.0,0.0
20,100,2930,65,47,0,167,58,1460.0,0.0
20,100,2930,65,44,1,113,48,1002.0,872.2055588804404
20,100,2930,90,40,1,171,86,1482.0,856.1978651477901
20,100,2930,70,47,0,165,56,1142.0,0.0
20,100,2930,85,50,0,169,52,966.0,0.0
20,100,2930,60,36,0,223,69,1392.0,0.0
20,100,2930,70,43,0,223,74,1780.0,0.0
20,100,2930,85,49,1,169,61,934.0,860.2445407152285
20,100,2930,70,47,1,119,57,1108.0,722.3163361432046
20,100,2930,60,49,0,113,41,864.0,0.0
20,100,2930,75,50,0,145,61,1298.0,0.0
20,100,2930,90,47,0,207,60,1222.0,0.0
20,100,2930,60,45,1,229,66,1278.0,1026.6023126981072
20,100,2930,75,39,1,117,84,1304.0,1037.886693862528
20,100,2930,80,35,0,115,93,1380.0,0.0
20,100,2930,80,39,1,119,79,1102.0,982.9570611182767
20,100,2930,75,38,0,271,84,1702.0,0.0
20,100,2930,85,36,0,173,92,1472.0,0.0
20,100,2930,90,41,0,161,88,1352.0,0.0
20,100,2930,80,48,1,223,55,1246.0,980.9074919247942
20,100,2930,65,43,1,139,66,1136.0,992.8164216014239
20,100,2930,75,41,0,153,75,1370.0,0.0
20,100,2930,80,42,1,217,74,1252.0,799.6061995729912
20,100,2930,80,48,0,221,57,1474.0,0.0
20,100,2930,80,42,0,171,76,1512.0,0.0
20,100,2930,80,35,1,115,89,1296.0,726.5416960333447
20,100,2930,60,44,0,223,48,1296.0,0.0
20,100,2930,70,43,1,171,72,1294.0,924.1903501261618
20,100,2930,90,37,0,159,88,1400.0,0.0
20,100,2930,65,46,0,221,52,1148.0,0.0
20,100,2930,70,42,1,153,72,1026.0,878.7828599415237
20,100,2930,90,45,0,163,73,1572.0,0.0
20,100,2930,85,42,0,171,74,1614.0,0.0
20,100,2930,65,45,1,219,69,1220.0,1058.6268407568386
20,100,2930,60,45,1,167,55,1202.0,1006.6539669167319
20,100,2930,90,43,1,171,76,1332.0,970.870047536439
20,100,2930,90,48,1,229,69,1308.0,1120.6736105890534
20,100,2930,65,50,0,157,36,850.0,0.0
20,100,2930,90,47,1,283,71,1522.0,905.4407613255933
20,100,2930,75,44,1,223,70,1400.0,1180.1555245348798
20,100,2930,60,36,1,161,80,1448.0,759.0433233686708
20,100,2930,75,38,0,223,86,1630.0,0.0
20,100,2930,70,48,0,159,45,1076.0,0.0
20,100,2930,70,48,1,171,55,1274.0,941.8816665735263
20,100,2930,60,36,1,167,73,1130.0,711.481573460576
20,100,2930,75,41,0,169,88,1864.0,0.0
20,100,2930,80,45,0,333,70,1464.0,0.0
20,100,2930,65,35,0,173,75,1628.0,0.0
20,100,2930,85,41,0,167,73,1472.0,0.0
20,100,2930,90,38,1,161,89,1384.0,819.1569242304811
20,100,2930,90,50,0,221,42,996.0,0.0
20,100,2930,65,43,0,227,68,1728.0,0.0
20,100,2930,80,41,1,171,80,1472.0,863.304511235731
20,100,2930,70,45,1,113,53,888.0,750.4884815264263
20,100,2930,75,42,1,171,66,1352.0,769.8226821452861
20,100,2930,70,42,1,173,69,1178.0,933.8097035066221
20,100,2930,75,43,0,167,64,1066.0,0.0
20,100,2930,85,47,1,215,69,1266.0,821.1643830982854
20,100,2930,90,45,0,211,68,1554.0,0.0
20,100,2930,65,46,0,165,53,1212.0,0.0
20,100,2930,90,50,1,221,57,1250.0,990.5506245527041
20,100,2930,70,38,1,225,77,1226.0,763.3239866896322
20,100,2930,75,46,0,149,57,1182.0,0.0
20,100,2930,85,48,1,171,64,1184.0,855.424350236867
20,100,2930,85,35,1,223,85,1188.0,718.4095933831909
20,100,2930,80,42,0,165,70,1230.0,0.0
20,100,2930,70,48,1,113,53,928.0,1041.6269687400436
20,100,2930,85,44,1,165,68,1292.0,1049.9571833369237
20,100,2930,65,47,1,171,59,1286.0,843.3214491219952
20,100,2930,85,43,0,167,73,1368.0,0.0
20,100,2930,80,47,0,167,60,1074.0,0.0
20,100,2930,90,49,0,163,51,1220.0,0.0
20,100,2930,75,46,0,219,72,1618.0,0.0
20,100,2930,85,45,1,169,64,1252.0,976.1886212008969
20,100,2930,80,41,1,161,80,1532.0,1008.5096951967099
20,100,2930,70,35,0,169,87,1824.0,0.0
20,100,2920,85,35,1,115,85,1238.0,627.6281156230816
20,100,2920,75,35,1,169,87,1192.0,724.4497207725339
20,100,2920,60,38,1,223,84,1800.0,1123.4198487673027
20,100,2920,60,36,0,221,79,1678.0,0.0
20,100,2920,90,38,1,161,89,1496.0,772.7399411976729
20,100,2930,60,50,0,111,37,694.0,0.0
20,100,2930,85,50,0,169,55,1096.0,0.0
20,100,2930,60,47,0,169,48,1212.0,0.0
20,100,2920,75,41,1,159,71,1254.0,781.3657487599671
20,100,2920,75,40,0,149,76,1402.0,0.0
20,100,2920,65,42,0,163,67,1246.0,0.0
20,100,2920,75,35,0,215,87,1536.0,0.0
20,100,2920,85,46,0,165,69,1576.0,0.0
20,100,2920,65,41,0,161,70,1312.0,0.0
20,100,2920,75,41,1,129,67,1024.0,820.2940227642936
20,100,2920,65,37,0,163,66,1296.0,0.0
20,100,2920,90,38,1,155,88,1344.0,911.0352452153462
20,100,2920,65,45,1,151,63,1136.0,1015.3784791108542
20,100,2920,70,46,1,279,62,1068.0,866.0935536261105
20,100,2930,85,46,1,165,75,1302.0,858.7566901130031
20,100,2920,60,43,1,171,67,1260.0,939.1204963334409
20,100,2920,90,46,1,227,77,1346.0,927.5043874168585
20,100,2920,75,48,0,169,53,1144.0,0.0
20,100,2920,70,50,0,161,55,1080.0,0.0
20,100,2920,75,49,0,215,56,1176.0,0.0
20,100,2920,75,46,0,167,55,1234.0,0.0
20,100,2920,70,40,0,229,82,1738.0,0.0
20,100,2920,75,40,1,115,79,1302.0,775.1616236940457
20,100,2920,85,48,1,173,66,1360.0,1043.6600521475682
20,100,2920,75,49,1,163,55,1046.0,675.6335435268169
20,100,2920,65,49,0,167,51,1112.0,0.0
20,100,2920,80,50,0,165,51,1040.0,0.0
20,100,2920,85,50,1,115,46,1020.0,883.5765770602511
20,100,2920,65,39,0,221,70,1514.0,0.0
20,100,2920,85,36,0,115,92,1356.0,0.0
20,100,2920,60,35,1,125,91,1258.0,779.9580456731331
20,100,2920,70,38,1,203,84,1494.0,974.8777410747526
20,100,2920,65,37,1,169,83,1596.0,840.4293942671654
20,100,2920,75,37,1,111,92,1412.0,996.2084000240189
20,100,2920,75,43,0,165,64,1432.0,0.0
20,100,2920,80,35,1,227,87,1298.0,715.8046044657852
20,100,2920,90,46,0,229,62,1398.0,0.0
20,100,2920,75,35,0,169,91,1384.0,0.0
20,100,2920,90,39,1,159,82,1494.0,883.3433962628839
20,100,2920,90,39,0,213,88,1562.0,0.0
20,100,2920,90,37,1,167,89,1264.0,772.3245852693858
20,100,2920,85,43,0,221,78,1480.0,0.0
20,100,2920,75,40,1,169,82,1392.0,890.9536742628189
20,100,2920,65,47,0,171,60,1678.0,0.0
20,100,2920,85,43,0,163,77,1232.0,0.0
20,100,2920,60,42,0,151,57,1346.0,0.0
20,100,2920,70,36,0,171,89,1444.0,0.0
20,100,2920,80,49,0,199,54,1212.0,0.0
20,100,2920,65,40,1,171,75,1670.0,880.6145288990979
20,100,2920,70,44,0,109,50,1060.0,0.0
20,100,2920,90,45,0,167,67,1416.0,0.0
20,100,2920,75,47,1,169,56,1244.0,718.3138579207758
20,100,2920,65,49,0,159,47,1072.0,0.0
20,100,2920,75,41,1,171,77,1370.0,896.4282200121875
20,100,2920,60,40,0,221,67,1906.0,0.0
20,100,2920,60,41,1,273,69,1446.0,881.9243150828443
20,100,2920,65,37,0,171,80,1386.0,0.0
20,100,2920,85,49,1,221,59,1100.0,770.0341311407196
20,100,2920,65,49,1,93,37,580.0,466.9634231024837
20,100,2920,70,49,1,151,55,920.0,704.5473810894315
20,100,2920,80,48,1,283,59,1368.0,1048.7550676201217
20,100,2920,65,40,1,171,81,1594.0,1022.0264215982838
20,100,2920,85,35,1,111,96,1180.0,721.2904484129465
20,100,2920,85,36,0,169,91,1506.0,0.0
20,100,2920,90,39,1,125,83,1302.0,1125.446512408251
20,100,2920,60,36,1,171,93,1556.0,801.9756120141162
20,100,2920,70,37,1,173,80,1402.0,736.9463428336693
20,100,2920,80,35,0,169,90,1392.0,0.0
20,100,2920,60,37,0,165,83,1638.0,0.0
20,100,2920,60,39,1,165,67,1256.0,871.1013127903831
20,100,2920,90,38,1,115,85,1252.0,803.1683812057886
20,100,2920,65,40,1,169,70,1424.0,881.7392216622059
20,100,2920,80,43,1,171,73,1470.0,964.8477156766808
20,100,2920,65,40,1,153,64,1064.0,717.1538556102521
20,100,2920,90,37,0,169,91,1250.0,0.0
20,100,2920,60,44,1,159,50,888.0,780.4727889672876
20,100,2920,85,41,0,165,73,1474.0,0.0
20,100,2920,75,40,0,171,83,1702.0,0.0
20,100,2920,60,44,0,165,52,1118.0,0.0
20,100,2920,90,36,0,167,94,1358.0,0.0
20,100,2920,85,41,1,163,85,1450.0,1031.631561863653
20,100,2920,85,40,1,161,77,1364.0,824.1897702505701
20,100,2920,90,45,0,167,61,1274.0,0.0
20,100,2920,90,36,0,157,92,1348.0,0.0
20,100,2920,80,40,0,169,71,1586.0,0.0
20,100,2920,85,43,0,165,79,1286.0,0.0
20,100,2920,90,44,0,171,70,1246.0,0.0
20,100,2920,65,48,1,163,55,1068.0,1055.1780970557088
20,100,2920,75,37,0,171,88,1292.0,0.0
20,100,2920,80,38,1,225,88,1528.0,862.0674510018675
20,100,2920,65,44,1,221,71,1378.0,1119.9625532279597
20,100,2920,80,47,0,169,53,1222.0,0.0
20,100,2920,90,48,0,165,64,1316.0,0.0
20,100,2920,65,49,1,219,60,1158.0,864.4932315525185
20,100,2910,70,35,1,229,93,1542.0,745.7475159105269
20,100,2910,75,36,0,159,88,1462.0,0.0
20,100,2910,60,36,1,273,84,1558.0,964.7294289576338
20,100,2920,80,36,0,223,87,1276.0,0.0
20,100,2910,85,39,1,111,78,1380.0,1012.3829430312337
20,100,2920,65,35,1,151,92,1368.0,809.9492755655684
20,100,2910,75,37,1,115,85,1226.0,822.8185075931297
20,100,2910,70,38,0,223,75,1544.0,0.0
20,100,2910,70,36,1,161,94,1376.0,878.0895632814138
20,100,2910,60,38,0,173,67,1464.0,0.0
20,100,2920,80,36,1,163,98,1394.0,851.3240218341684
20,100,2910,60,35,1,165,87,1328.0,730.2407948854375
20,100,2910,75,37,0,223,83,1686.0,0.0
20,100,2910,90,37,1,165,90,1370.0,826.9716541962594
20,100,2910,85,43,1,169,70,1218.0,926.1405907063111
20,100,2910,65,43,1,227,70,1240.0,884.9490108783677
20,100,2910,65,39,0,209,80,1516.0,0.0
20,100,2910,70,43,0,217,73,1312.0,0.0
20,100,2910,75,47,0,161,57,1160.0,0.0
20,100,2910,65,37,0,227,78,1484.0,0.0
20,100,2910,65,45,0,169,70,1558.0,0.0
20,100,2910,60,46,0,155,50,1010.0,0.0
20,100,2910,65,44,0,221,63,1542.0,0.0
20,100,2910,90,45,1,169,64,1370.0,933.7402855017259
20,100,2910,65,44,1,173,55,1038.0,968.3037304004712
20,100,2920,80,44,0,169,64,1412.0,0.0
20,100,2910,60,48,0,221,48,1212.0,0.0
20,100,2920,90,41,0,211,82,1822.0,0.0
20,100,2910,85,49,1,163,59,1060.0,780.580271363328
20,100,2910,85,49,1,215,64,1216.0,764.7539198199541
20,100,2910,70,42,0,161,65,1052.0,0.0
20,100,2910,80,47,1,129,60,850.0,680.9101806326395
20,100,2910,90,36,1,171,88,1272.0,774.3116854603425
20,100,2910,85,35,0,283,92,1426.0,0.0
20,100,2910,60,35,0,217,91,1756.0,0.0
20,100,2910,70,35,1,173,89,1580.0,852.0890141721706
20,100,2910,70,38,1,159,80,1150.0,804.9914996225035
20,100,2910,85,37,1,161,85,1176.0,858.2086253024263
20,100,2910,80,39,0,169,88,1468.0,0.0
20,100,2910,90,40,0,141,79,1418.0,0.0
20,100,2910,60,41,1,171,76,1448.0,974.8376195217876
20,100,2910,75,40,1,221,83,1504.0,868.1600123638085
20,100,2910,60,42,0,115,64,1242.0,0.0
20,100,2910,80,43,0,165,73,1660.0,0.0
20,100,2910,60,46,0,165,43,1144.0,0.0
20,100,2910,80,42,1,165,74,1300.0,917.8235158023587
20,100,2910,60,44,0,171,60,1394.0,0.0
20,100,2910,90,45,0,161,67,1348.0,0.0
20,100,2910,65,49,1,171,42,802.0,485.2011612191897
20,100,2910,70,45,1,157,63,932.0,860.1872566697198
20,100,2910,70,46,1,163,63,1222.0,761.6070240849835
20,100,2910,75,48,0,167,59,1160.0,0.0
20,100,2910,75,48,1,127,57,1066.0,885.3304633242327
20,100,2910,80,45,1,217,64,1166.0,786.0299237800745
20,100,2910,90,48,0,167,68,1368.0,0.0
20,100,2910,65,49,0,167,47,1028.0,0.0
20,100,2910,75,49,1,155,51,934.0,666.610379872811
20,100,2910,90,45,0,215,69,1538.0,0.0
20,100,2910,60,50,0,109,39,898.0,0.0
20,100,2910,85,47,0,281,66,1272.0,0.0
20,100,2910,80,50,1,171,48,884.0,843.9596402240562
20,100,2910,75,48,1,169,67,1300.0,839.1272004390356
20,100,2910,90,49,1,275,62,1104.0,740.7561164234469
20,100,2910,75,37,1,163,94,1360.0,970.6592760609996
20,100,2910,75,48,0,227,56,1148.0,0.0
20,100,2910,75,36,0,155,91,1470.0,0.0
20,100,2910,85,36,1,113,90,1290.0,677.8891997360186
20,100,2910,75,37,1,169,84,1358.0,850.330971379238
20,100,2910,90,35,1,107,96,1136.0,768.0584756039269
20,100,2910,70,36,1,111,85,1188.0,778.3851736217249
20,100,2910,75,42,0,169,65,1356.0,0.0
20,100,2910,90,41,1,171,80,1250.0,989.8853668752465
20,100,2910,60,46,1,109,59,938.0,801.7293031758126
20,100,2910,70,44,0,159,66,1454.0,0.0
20,100,2910,75,41,0,167,66,1282.0,0.0
20,100,2910,65,36,0,275,85,1648.0,0.0
20,100,2910,65,39,0,165,78,1568.0,0.0
20,100,2910,85,40,0,165,88,1682.0,0.0
20,100,2910,60,39,1,163,81,1324.0,1198.2215481293972
20,100,2910,75,44,0,105,76,1208.0,0.0
20,100,2910,75,41,0,219,73,1470.0,0.0
20,100,2910,80,47,0,225,67,1512.0,0.0
20,100,2910,60,42,1,113,60,1154.0,764.3957075476775
20,100,2910,65,49,0,113,46,1136.0,0.0
20,100,2910,85,46,0,163,57,1314.0,0.0
20,100,2910,70,40,1,227,76,1744.0,905.8872373693172
20,100,2910,70,38,0,209,76,1684.0,0.0
20,100,2910,80,44,0,169,85,1522.0,0.0
20,100,2910,75,46,1,171,69,1204.0,890.8697516532604
20,100,2900,85,37,0,157,79,1260.0,0.0
20,100,2910,75,38,1,215,76,1756.0,775.9528445873249
20,100,2910,60,48,0,159,42,1044.0,0.0
20,100,2910,70,48,1,159,63,1148.0,862.052352502392
20,100,2910,70,40,0,155,83,1504.0,0.0
20,100,2910,60,42,0,217,69,1602.0,0.0
20,100,2910,70,41,0,157,74,1310.0,0.0
20,100,2910,80,50,1,111,49,1000.0,830.6902069817277
20,100,2910,70,42,1,169,73,1256.0,818.1644962424518
20,100,2900,70,35,1,167,84,1438.0,765.6111679270509
20,100,2910,90,45,0,169,61,1596.0,0.0
20,100,2910,90,46,1,173,70,996.0,784.3236316949125
20,100,2910,70,50,1,135,60,932.0,1014.1553323365805
20,100,2910,75,44,1,119,64,1352.0,903.3011090108707
20,100,2910,75,45,1,167,66,1504.0,862.4489489872174
20,100,2900,60,37,1,109,83,1066.0,924.5831733335118
20,100,2900,75,43,1,211,69,1296.0,893.9342156420271
20,100,2900,65,39,0,171,72,1426.0,0.0
20,100,2910,75,50,1,169,49,1138.0,912.2130692732661
20,100,2900,75,37,1,169,83,1214.0,850.6299980240037
20,100,2910,70,46,0,279,53,1004.0,0.0
20,100,2900,75,38,0,213,86,1568.0,0.0
20,100,2900,90,38,1,111,90,1144.0,683.8384090848501
20,100,2910,70,43,0,225,64,1412.0,0.0
20,100,2900,75,40,1,163,79,1710.0,993.8191705459658
20,100,2900,90,38,0,215,87,1480.0,0.0
20,100,2900,80,43,0,227,79,1962.0,0.0
20,100,2900,90,41,1,161,74,1096.0,906.7186532440553
20,100,2900,85,41,1,111,84,1288.0,846.1707406497909
20,100,2900,60,41,1,167,66,1192.0,896.5085933105898
20,100,2900,75,44,1,117,65,1284.0,982.3324467706384
20,100,2900,75,41,0,169,75,1658.0,0.0
20,100,2900,60,47,1,221,58,1212.0,816.8479986467798
20,100,2900,65,48,0,115,53,1162.0,0.0
20,100,2900,80,48,0,171,55,1394.0,0.0
20,100,2900,85,38,0,171,83,1558.0,0.0
20,100,2900,75,37,1,163,95,1482.0,926.0161744129612
20,100,2900,60,48,0,167,51,998.0,0.0
20,100,2900,85,46,0,167,66,1302.0,0.0
20,100,2900,80,41,0,161,82,1566.0,0.0
20,100,2900,75,46,0,169,66,1574.0,0.0
20,100,2900,80,47,0,157,65,1370.0,0.0
20,100,2900,90,40,0,165,85,1504.0,0.0
20,100,2900,90,43,0,219,71,1554.0,0.0
20,100,2900,90,37,1,167,84,1156.0,838.7130899685827
20,100,2900,80,40,0,219,85,1658.0,0.0
20,100,2900,65,47,1,217,49,1000.0,759.6523120584059
20,100,2900,85,38,1,115,85,1192.0,695.1226666271465
20,100,2900,60,43,1,169,54,1120.0,725.7419592944672
20,100,2900,90,42,0,159,76,1446.0,0.0
20,100,2900,80,49,1,111,48,744.0,633.3649788030561
20,100,2900,65,37,1,169,84,1582.0,841.11974004546
20,100,2900,90,35,1,161,95,1272.0,833.0735953669373
20,100,2900,90,40,0,219,72,1708.0,0.0
20,100,2900,60,47,1,211,54,1118.0,745.490158333025
20,100,2900,80,43,0,217,73,1458.0,0.0
20,100,2900,75,39,1,115,85,1366.0,867.8598361808273
20,100,2900,75,47,1,211,64,1118.0,800.851014492978
20,100,2900,75,42,0,171,71,1556.0,0.0
20,100,2900,60,42,0,213,71,1466.0,0.0
20,100,2900,90,47,1,173,65,1362.0,918.3191121647656
20,100,2900,70,44,1,167,76,1312.0,1064.9167201001583
20,100,2900,85,43,1,171,71,1400.0,868.1732637551094
20,100,2900,90,50,0,171,53,1264.0,0.0
20,100,2900,80,35,0,169,90,1464.0,0.0
20,100,2900,90,45,1,219,67,1412.0,863.9477452566706
20,100,2900,90,36,0,109,83,1258.0,0.0
20,100,2900,85,49,0,161,58,1462.0,0.0
20,100,2900,85,42,1,163,88,1464.0,994.443084940771
20,100,2900,75,39,0,213,80,1484.0,0.0
20,100,2900,65,37,0,261,70,1498.0,0.0
20,100,2900,80,49,0,205,51,1060.0,0.0
20,100,2900,80,40,0,171,70,1382.0,0.0
20,100,2900,60,42,1,113,54,1080.0,780.8359105050006
20,100,2900,60,36,0,223,78,1732.0,0.0
20,100,2900,70,39,1,217,77,1322.0,1015.7184894271289
20,100,2900,80,42,1,115,71,1220.0,676.4472963060522
20,100,2900,60,40,0,157,74,1354.0,0.0
20,100,2900,80,48,0,163,51,1112.0,0.0
20,100,2900,85,36,0,169,93,1494.0,0.0
20,100,2900,80,44,1,161,62,1088.0,877.2820657725204
20,100,2900,65,40,0,223,78,1678.0,0.0
20,100,2900,65,45,1,165,67,1176.0,841.6397728017935
20,100,2900,65,47,1,171,52,930.0,850.0910233098231
20,100,2900,60,42,0,115,47,1022.0,0.0
20,100,2900,70,42,1,173,69,1278.0,867.4964969728256
20,100,2900,90,38,0,165,88,1380.0,0.0
20,100,2900,80,41,1,167,79,1388.0,957.3400011777231
20,100,2900,80,38,1,221,82,1356.0,734.6949852090867
20,100,2900,70,47,0,155,56,1062.0,0.0
20,100,2900,75,47,1,173,55,1140.0,649.8072780985738
20,100,2900,85,45,1,221,68,1530.0,1010.1681208564421
20,100,2900,85,48,0,171,61,1488.0,0.0
20,100,2900,85,46,1,159,56,1284.0,763.4106712482732
20,100,2900,70,42,1,169,74,1232.0,887.2762863823731
20,100,2900,60,50,0,167,50,1230.0,0.0
20,100,2900,80,37,1,221,86,1402.0,825.3953807224359
20,100,2900,65,47,0,163,54,1190.0,0.0
20,100,2900,80,47,1,159,55,900.0,627.874959028992
20,100,2900,70,50,1,215,56,1084.0,1026.3816800601346
20,100,2900,60,43,1,165,58,1366.0,855.7097005204065
20,100,2900,85,38,0,167,86,1502.0,0.0
20,100,2900,60,36,1,161,83,1548.0,675.6558642475219
20,100,2900,75,36,0,163,84,1372.0,0.0
20,100,2900,75,49,0,167,57,1176.0,0.0
20,100,2900,90,35,1,277,93,1384.0,839.362403021439
20,100,2900,60,40,1,203,69,1394.0,864.1292778251042
20,100,2890,90,37,1,163,83,1166.0,722.7166616443543
20,100,2890,80,36,0,155,87,1514.0,0.0
20,100,2890,85,38,0,155,83,1328.0,0.0
20,100,2900,75,42,0,223,81,1888.0,0.0
20,100,2890,85,36,1,165,83,1122.0,680.76401355293
20,100,2890,90,43,0,163,78,1376.0,0.0
20,100,2900,85,41,0,223,86,1706.0,0.0
20,100,2890,65,43,1,139,70,956.0,858.5296203504399
20,100,2900,75,41,1,141,73,1432.0,1006.8988163362754
20,100,2900,75,42,1,223,73,1374.0,888.0305810844153
20,100,2900,65,50,1,167,43,910.0,841.6091953208496
20,100,2900,65,44,0,173,59,1490.0,0.0
20,100,2890,90,44,0,159,60,1060.0,0.0
20,100,2900,85,47,0,159,57,1450.0,0.0
20,100,2900,70,48,0,217,49,1218.0,0.0
20,100,2900,70,47,0,107,49,1140.0,0.0
20,100,2890,75,48,0,143,45,976.0,0.0
20,100,2890,75,35,0,111,90,1340.0,0.0
20,100,2890,65,44,1,111,62,1030.0,987.1559347382766
20,100,2890,60,47,1,155,56,1124.0,822.0949827038287
20,100,2890,70,35,0,215,81,1364.0,0.0
20,100,2890,65,35,1,165,80,1470.0,818.2275745927315
20,100,2890,70,45,1,207,49,1040.0,750.2242158235089
20,100,2890,90,44,0,207,54,1152.0,0.0
20,100,2890,80,42,1,165,63,1406.0,884.1047063562349
20,100,2890,85,42,1,149,67,1060.0,850.3530826837584
20,100,2890,70,38,1,157,75,1402.0,1013.0017672298604
20,100,2890,85,38,1,109,84,1178.0,665.3566365618327
20,100,2890,90,50,1,167,57,1028.0,1081.3710903161236
20,100,2890,80,45,0,161,68,1230.0,0.0
20,100,2890,90,41,0,159,70,1110.0,0.0
20,100,2890,70,41,0,165,73,1546.0,0.0
20,100,2890,75,40,0,211,72,1496.0,0.0
20,100,2890,65,42,0,107,51,986.0,0.0
20,100,2890,75,37,1,161,80,1506.0,882.0083761008116
20,100,2890,60,37,0,167,72,1450.0,0.0
20,100,2890,70,40,0,165,71,1442.0,0.0
20,100,2890,85,41,0,157,79,1500.0,0.0
20,100,2890,75,40,1,159,77,1306.0,906.5348856451276
20,100,2890,75,42,1,111,64,1086.0,827.346658986676
20,100,2890,80,38,1,163,85,1420.0,773.6777535981606
20,100,2890,65,36,0,165,83,1658.0,0.0
20,100,2890,85,36,1,163,88,1394.0,719.3480079121412
20,100,2890,70,42,1,161,69,1262.0,931.1162304987242
20,100,2890,60,40,1,159,61,1206.0,798.7494099254427
20,100,2890,90,43,1,219,75,1358.0,879.4036510875148
20,100,2890,80,46,0,157,62,1376.0,0.0
20,100,2890,60,41,1,159,53,1262.0,772.9788929090273
20,100,2890,85,42,0,223,63,1238.0,0.0
20,100,2890,65,44,1,161,59,1228.0,870.6604173625268
20,100,2890,65,49,1,161,54,1052.0,677.6627625176344
20,100,2890,85,42,0,161,69,1178.0,0.0
20,100,2890,75,43,1,111,67,1070.0,797.8060933057058
20,100,2890,70,43,1,217,60,1234.0,825.9335216835742
20,100,2890,75,41,0,221,66,1650.0,0.0
20,100,2890,75,46,1,165,63,1172.0,733.9127502369723
20,100,2890,80,47,0,163,52,1382.0,0.0
20,100,2890,70,49,0,157,51,1166.0,0.0
20,100,2890,75,36,1,253,83,1580.0,911.6384549059429
20,100,2890,85,37,0,209,80,1410.0,0.0
20,100,2890,65,36,1,159,82,1392.0,650.1241231067091
20,100,2890,90,50,0,159,52,1286.0,0.0
20,100,2890,85,47,0,103,49,928.0,0.0
20,100,2890,75,35,1,155,85,1394.0,727.7299002174292
20,100,2890,60,46,0,161,40,904.0,0.0
20,100,2890,85,36,0,151,89,1428.0,0.0
20,100,2890,70,39,1,151,76,1284.0,800.1414499933671
20,100,2890,85,41,0,269,82,1534.0,0.0
20,100,2890,80,36,1,165,88,1486.0,801.715310132869
20,100,2890,80,43,1,109,63,1114.0,665.6304787376218
20,100,2890,60,41,1,163,64,1300.0,809.854971006899
20,100,2890,90,39,0,211,83,1544.0,0.0
20,100,2890,60,39,0,155,80,1342.0,0.0
20,100,2890,75,43,0,111,57,1188.0,0.0
20,100,2890,85,38,1,217,79,1086.0,672.8843245937968
20,100,2890,85,39,0,315,78,1530.0,0.0
20,100,2890,80,44,1,161,63,1270.0,971.5642845511709
20,100,2890,65,42,1,159,70,1248.0,857.4657143091462
20,100,2890,90,37,1,109,91,1128.0,835.2357711522068
20,100,2890,75,43,1,111,55,868.0,711.5047662940012
20,100,2890,65,45,0,165,56,1144.0,0.0
20,100,2890,80,49,1,151,53,1024.0,617.5704974747779
20,100,2890,65,48,0,145,54,1098.0,0.0
20,100,2890,80,47,0,207,51,1086.0,0.0
20,100,2890,70,50,0,201,51,1140.0,0.0
20,100,2890,65,40,1,161,72,1052.0,782.6346034990833
20,100,2890,60,44,1,163,48,1040.0,839.7673515251316
20,100,2890,60,38,1,157,68,1210.0,713.004433096155
20,100,2890,70,48,0,217,57,1280.0,0.0
20,100,2890,80,48,0,163,55,1216.0,0.0
20,100,2890,90,45,1,263,68,1226.0,970.133046810427
20,100,2890,90,47,0,207,60,1226.0,0.0
20,100,2890,65,40,1,161,76,1458.0,877.6985855795449
20,100,2890,65,47,1,161,53,1174.0,756.5418752024407
20,100,2880,60,38,1,157,74,1372.0,764.0937012366429
20,100,2890,65,44,0,157,61,1150.0,0.0
20,100,2890,85,42,1,217,73,1548.0,790.5511747010837
20,100,2890,65,46,0,163,54,1374.0,0.0
20,100,2890,85,41,0,261,80,1594.0,0.0
20,100,2880,85,38,0,165,87,1456.0,0.0
20,100,2890,80,41,1,209,74,1368.0,801.3443294938779
20,100,2880,90,36,1,155,89,1108.0,730.1051055862046
20,100,2890,80,45,0,203,59,1276.0,0.0
20,100,2890,75,45,0,155,65,1288.0,0.0
20,100,2890,80,48,1,115,61,1104.0,1017.5152927881755
20,100,2880,60,36,1,271,81,1504.0,680.8736319603454
20,100,2890,85,42,0,105,66,1168.0,0.0
20,100,2890,90,46,0,161,70,1410.0,0.0
20,100,2880,75,37,1,163,85,1318.0,732.3994273643818
20,100,2890,75,48,1,151,56,964.0,833.5749961437268
20,100,2880,80,37,0,213,83,1670.0,0.0
20,100,2880,75,36,1,111,82,1344.0,739.7458375488023
20,100,2890,75,49,0,105,41,756.0,0.0
20,100,2880,60,37,0,159,67,1244.0,0.0
20,100,2880,65,36,0,167,78,1414.0,0.0
20,100,2890,80,48,0,159,48,1038.0,0.0
20,100,2890,85,49,1,165,50,990.0,648.7221534874473
20,100,2880,65,41,0,163,69,1526.0,0.0
20,100,2880,80,43,0,215,63,1288.0,0.0
20,100,2890,65,49,0,215,43,942.0,0.0
20,100,2880,85,47,0,163,58,1082.0,0.0
20,100,2880,85,48,1,111,55,1064.0,795.1574372060601
20,100,2880,80,36,1,157,79,1324.0,668.6190889391028
20,100,2880,90,48,1,163,53,1004.0,863.0309388052025
20,100,2880,65,35,0,375,84,1782.0,0.0
20,100,2880,65,38,1,165,78,1230.0,865.6122882598058
20,100,2880,65,36,1,101,80,1088.0,759.0835363798566
20,100,2880,75,35,0,111,77,1318.0,0.0
20,100,2880,85,35,1,269,87,1456.0,766.7434411098936
20,100,2880,70,35,0,163,84,1304.0,0.0
20,100,2880,60,40,0,209,63,1302.0,0.0
20,100,2880,80,40,1,147,75,1356.0,680.46307388683
20,100,2880,75,38,0,217,86,1834.0,0.0
20,100,2880,75,38,0,139,79,1378.0,0.0
20,100,2880,75,37,1,165,81,1372.0,863.4680742093456
20,100,2880,65,44,0,203,60,1332.0,0.0
20,100,2880,65,37,0,157,78,1246.0,0.0
20,100,2880,85,43,1,111,71,1138.0,908.5864595088386
20,100,2880,90,46,1,95,68,1020.0,696.9923026303219
20,100,2880,80,44,0,217,55,1310.0,0.0
20,100,2880,85,42,0,213,67,1370.0,0.0
20,100,2880,90,46,0,163,61,1126.0,0.0
20,100,2880,80,36,1,149,80,1104.0,711.866695125684
20,100,2880,60,36,0,213,80,1284.0,0.0
20,100,2880,85,43,1,157,63,1190.0,885.7130277929588
20,100,2880,65,49,1,109,40,804.0,443.0205181767562
20,100,2880,65,49,0,139,43,988.0,0.0
20,100,2880,90,49,1,109,54,838.0,758.0120366400998
20,100,2880,85,49,1,135,55,790.0,768.5756750490483
20,100,2880,85,43,1,165,76,1400.0,939.3934906712121
20,100,2880,85,48,1,221,58,1388.0,863.6392630409952
20,100,2880,80,47,1,161,38,778.0,535.67815084143
20,100,2880,75,45,0,163,71,1404.0,0.0
20,100,2880,70,44,0,157,57,1034.0,0.0
20,100,2880,70,48,1,107,53,936.0,804.7683965082593
20,100,2880,85,35,1,165,94,1318.0,765.8117696154137
20,100,2880,85,36,0,163,80,1276.0,0.0
20,100,2880,75,49,0,163,45,1064.0,0.0
20,100,2880,75,37,0,165,83,1470.0,0.0
20,100,2880,75,41,1,111,70,1116.0,864.1782196505717
20,100,2880,90,41,0,167,73,1510.0,0.0
20,100,2880,90,37,1,211,83,1450.0,806.1934402030217
20,100,2880,80,36,1,159,87,1424.0,787.9001531741516
20,100,2880,90,44,1,125,63,1052.0,947.4267817982271
20,100,2880,90,41,1,213,76,1340.0,874.3677214526574
20,100,2880,65,43,0,163,64,1338.0,0.0
20,100,2880,85,42,0,201,70,1404.0,0.0
20,100,2880,85,43,1,165,74,1294.0,956.2003747080154
20,100,2880,90,46,0,153,60,1180.0,0.0
20,100,2880,80,42,1,157,81,1262.0,968.807685982535
20,100,2880,80,45,0,265,60,1422.0,0.0
20,100,2880,65,45,1,165,60,874.0,836.0838513570687
20,100,2880,65,39,1,141,73,1132.0,985.7436449544776
20,100,2880,60,35,1,219,84,1470.0,821.6565960909071
20,100,2880,70,47,0,215,46,1130.0,0.0
20,100,2880,75,50,1,153,48,976.0,825.4789796949859
20,100,2880,60,49,0,203,46,932.0,0.0
20,100,2880,60,49,0,143,45,1006.0,0.0
20,100,2880,60,44,0,215,64,1430.0,0.0
20,100,2880,65,47,1,111,49,1000.0,670.0172461835646
20,100,2880,60,43,1,161,58,1052.0,847.9653969061768
20,100,2880,90,43,1,211,64,1184.0,833.2255817356814
20,100,2880,75,45,0,205,60,1126.0,0.0
20,100,2880,90,48,1,111,59,1168.0,704.8222030551852
20,100,2880,65,43,0,165,55,1036.0,0.0
20,100,2880,75,46,0,267,64,1588.0,0.0
20,100,2880,80,46,0,217,61,1554.0,0.0
20,100,2880,90,49,0,211,58,1230.0,0.0
20,100,2870,70,35,0,163,79,1406.0,0.0
20,100,2880,90,36,1,165,87,1320.0,719.0672990019565
20,100,2880,80,35,0,215,90,1628.0,0.0
20,100,2880,80,38,0,107,70,1176.0,0.0
20,100,2880,80,37,1,111,82,1094.0,685.2041254287942
20,100,2870,65,35,1,221,87,1262.0,837.6766814654521
20,100,2880,70,41,1,159,66,1154.0,962.0107227005849
20,100,2870,65,38,1,165,75,1394.0,926.0771061797649
20,100,2870,75,38,0,161,85,1654.0,0.0
20,100,2880,85,38,1,167,75,1340.0,868.6848438182989
20,100,2880,65,47,0,159,50,1122.0,0.0
20,100,2870,75,40,0,161,66,1466.0,0.0
20,100,2880,60,42,0,109,55,1078.0,0.0
20,100,2880,85,40,1,163,77,1224.0,848.8072230902627
20,100,2870,65,38,1,163,69,1236.0,681.2707775416732
20,100,2880,85,45,1,111,66,1076.0,985.2026242887994
20,100,2870,65,45,0,215,59,1238.0,0.0
20,100,2880,85,45,1,157,61,1028.0,900.2314279270805
20,100,2870,60,44,1,165,60,1078.0,875.014819727099
20,100,2880,80,45,0,207,68,1384.0,0.0
20,100,2870,90,44,0,205,71,1582.0,0.0
20,100,2870,65,46,1,167,53,858.0,644.346752413707
20,100,2880,60,44,0,163,45,872.0,0.0
20,100,2880,75,45,1,111,62,1064.0,795.9446923618938
20,100,2880,80,45,0,217,65,1508.0,0.0
20,100,2880,75,49,1,159,49,884.0,599.6874234636974
20,100,2880,85,50,0,209,43,1120.0,0.0
20,100,2880,90,40,0,271,81,1700.0,0.0
20,100,2880,75,46,1,109,64,1260.0,812.2188540164514
20,100,2870,90,50,1,163,54,1018.0,895.0845453841445
20,100,2880,70,50,0,213,39,1072.0,0.0
20,100,2880,90,50,0,163,51,1178.0,0.0
20,100,2870,65,36,0,261,73,1414.0,0.0
20,100,2870,80,39,0,157,80,1312.0,0.0
20,100,2870,85,35,1,165,92,1412.0,766.7105348178325
20,100,2870,65,40,1,165,60,1194.0,726.5005307917761
20,100,2870,60,35,1,159,73,1170.0,572.4162193535568
20,100,2870,80,43,1,161,61,1086.0,841.0262297219413
20,100,2870,65,38,1,111,65,1142.0,609.4506552833435
20,100,2870,70,37,1,163,85,1474.0,721.8244738188416
20,100,2870,60,38,0,153,66,1168.0,0.0
20,100,2870,85,36,0,151,84,1438.0,0.0
20,100,2870,65,40,1,165,75,1216.0,792.6807903912002
20,100,2870,80,37,0,159,83,1532.0,0.0
20,100,2870,70,48,0,209,45,992.0,0.0
20,100,2870,65,37,0,219,77,1346.0,0.0
20,100,2870,90,39,0,203,74,1192.0,0.0
20,100,2870,75,48,0,211,48,1122.0,0.0
20,100,2870,60,47,1,209,47,1086.0,701.6610436699016
20,100,2870,70,44,1,165,49,1060.0,846.898687800329
20,100,2870,85,38,1,155,76,1390.0,862.6717985333412
20,100,2870,75,45,0,211,67,1362.0,0.0
20,100,2870,70,43,0,203,55,1266.0,0.0
20,100,2870,70,41,0,165,71,1358.0,0.0
20,100,2870,75,45,1,159,62,980.0,929.3934696172774
20,100,2870,75,45,0,111,56,1134.0,0.0
20,100,2870,65,50,0,223,43,1038.0,0.0
20,100,2870,60,41,0,143,57,1158.0,0.0
20,100,2870,85,50,1,159,56,1060.0,886.5685031571018
20,100,2870,60,49,1,163,50,918.0,508.07413577539205
20,100,2870,70,44,0,273,60,1476.0,0.0
20,100,2870,70,41,1,155,62,1160.0,746.4767237262652
20,100,2870,80,44,1,163,65,1098.0,829.0716524915066
20,100,2870,70,48,1,157,57,1108.0,1005.9269848763022
20,100,2870,90,40,0,163,70,1486.0,0.0
20,100,2870,85,49,0,163,54,1182.0,0.0
20,100,2870,65,49,0,139,36,818.0,0.0
20,100,2870,60,35,0,217,86,1620.0,0.0
20,100,2870,85,48,1,159,54,1166.0,934.9213994973335
20,100,2870,75,40,0,111,67,1086.0,0.0
20,100,2870,85,46,0,167,52,1178.0,0.0
20,100,2870,60,44,1,157,50,1106.0,862.7670012041409
20,100,2870,90,45,1,161,69,1154.0,986.3990212308347
20,100,2870,85,47,1,161,65,996.0,912.4810830959954
20,100,2870,70,44,0,163,56,1156.0,0.0
20,100,2870,85,39,1,159,80,1470.0,904.6857070221095
20,100,2870,90,35,0,167,93,1240.0,0.0
20,100,2870,70,36,1,205,64,1236.0,664.8230930950102
20,100,2870,80,39,0,219,76,1792.0,0.0
20,100,2870,70,49,1,103,52,802.0,620.994189565754
20,100,2870,85,38,1,261,86,1214.0,762.6209473004583
20,100,2870,85,46,1,159,65,1182.0,997.7890782535858
20,100,2870,75,40,0,205,69,1384.0,0.0
20,100,2870,75,37,1,157,80,1348.0,802.5390432177453
20,100,2870,85,42,0,217,75,1414.0,0.0
20,100,2870,60,41,0,215,55,1176.0,0.0
20,100,2870,85,43,1,211,73,1168.0,858.1129611890766
20,100,2870,65,38,1,111,58,982.0,731.594312907105
20,100,2870,70,45,1,157,56,1092.0,866.6647538716627
20,100,2870,60,36,0,157,85,1474.0,0.0
20,100,2870,75,45,0,147,48,972.0,0.0
20,100,2870,90,39,0,209,79,1510.0,0.0
20,100,2870,60,41,1,161,56,1148.0,793.1545610578701
20,100,2870,60,38,1,157,65,1140.0,778.0043198392183
20,100,2870,90,45,1,105,62,1020.0,901.9009824044512
20,100,2870,70,38,0,195,73,1526.0,0.0
20,100,2870,70,39,1,167,66,1208.0,931.4409599240022
20,100,2870,90,41,0,161,69,1456.0,0.0
20,100,2870,70,38,0,215,77,1464.0,0.0
20,100,2870,85,44,1,151,62,1022.0,982.4567108375472
20,100,2870,90,40,0,167,87,1622.0,0.0
20,100,2870,70,38,0,157,79,1486.0,0.0
20,100,2870,75,37,1,167,82,1596.0,873.3368448224933
20,100,2870,85,41,0,163,76,1522.0,0.0
20,100,2870,65,45,1,161,56,1034.0,906.0273620096492
20,100,2870,70,45,1,161,60,1048.0,945.764171517923
20,100,2870,80,48,1,191,58,1234.0,876.142133837673
20,100,2870,75,45,1,163,62,1108.0,892.766616334914
20,100,2870,60,43,0,153,61,1358.0,0.0
20,100,2870,75,44,1,163,67,1396.0,1003.032766678971
20,100,2870,60,40,1,167,45,960.0,665.2753243000901
20,100,2870,65,46,0,159,44,896.0,0.0
20,100,2870,65,47,1,143,57,1016.0,866.5941270831804
20,100,2870,85,45,0,261,65,1522.0,0.0
20,100,2870,70,41,0,203,61,1254.0,0.0
20,100,2860,85,39,1,209,76,1502.0,989.8387578052699
20,100,2870,60,48,0,159,47,960.0,0.0
20,100,2870,85,46,0,219,63,1378.0,0.0
20,100,2870,85,47,1,163,62,1054.0,758.4029048227003
20,100,2860,70,45,1,163,53,1132.0,888.4976184399356
20,100,2870,60,47,0,153,52,1290.0,0.0
20,100,2860,85,36,1,143,90,1274.0,739.0580045516283
20,100,2870,80,50,0,109,44,950.0,0.0
20,100,2870,70,48,1,129,55,888.0,899.0389443642473
20,100,2860,75,35,1,163,80,1172.0,821.5315835610199
20,100,2860,90,49,0,275,55,1266.0,0.0
20,100,2860,60,36,1,111,80,1384.0,782.4771558201795
20,100,2860,75,38,1,211,81,1440.0,869.8308750176647
20,100,2860,60,45,0,153,48,928.0,0.0
20,100,2860,75,40,1,149,70,1228.0,778.3487857098846
20,100,2860,65,43,0,207,61,1312.0,0.0
20,100,2860,70,43,0,199,62,1320.0,0.0
20,100,2860,85,37,1,121,84,1230.0,818.5445745017969
20,100,2860,65,50,0,145,40,784.0,0.0
20,100,2860,90,40,0,163,75,1410.0,0.0
20,100,2860,75,50,1,127,54,864.0,991.2801412184384
20,100,2860,90,37,1,109,85,1294.0,829.6148530953243
20,100,2860,85,45,0,161,60,1178.0,0.0
20,100,2860,65,43,0,141,55,1192.0,0.0
20,100,2860,75,45,1,155,71,1202.0,973.189307011554
20,100,2860,60,44,1,209,57,1248.0,828.2836825542997
20,100,2860,60,44,0,215,42,1058.0,0.0
20,100,2860,75,45,1,159,71,1254.0,1167.676714865228
20,100,2860,90,39,1,211,79,1284.0,800.5497137482123
20,100,2860,75,42,0,161,60,1292.0,0.0
20,100,2860,60,44,1,191,62,1214.0,942.3044991748785
20,100,2860,80,47,1,111,55,970.0,616.9041529523568
20,100,2860,80,50,0,205,51,1124.0,0.0
20,100,2860,85,45,1,165,65,1078.0,873.6068487970431
20,100,2860,75,48,0,159,61,1158.0,0.0
20,100,2860,80,47,0,213,63,1390.0,0.0
20,100,2860,90,48,0,163,58,1286.0,0.0
20,100,2860,70,41,0,215,62,1374.0,0.0
20,100,2860,60,43,0,159,64,1212.0,0.0
20,100,2860,80,47,0,157,59,1350.0,0.0
20,100,2860,70,50,1,161,49,1036.0,887.9785650285633
20,100,2860,75,45,1,111,56,906.0,754.4389034548366
20,100,2860,65,48,0,165,47,1040.0,0.0
20,100,2860,75,36,1,107,85,986.0,722.4355315923348
20,100,2860,60,35,1,201,82,1618.0,879.7983537654163
20,100,2860,90,35,0,217,87,1402.0,0.0
20,100,2860,60,42,0,211,57,1078.0,0.0
20,100,2860,65,38,0,245,74,1372.0,0.0
20,100,2860,85,42,1,109,69,958.0,749.9906504994409
20,100,2860,90,36,0,165,90,1390.0,0.0
20,100,2860,85,40,1,111,78,1298.0,798.8691747550706
20,100,2860,60,39,1,155,74,1342.0,1146.6672821429029
20,100,2860,75,41,1,163,69,1230.0,877.7379103966165
20,100,2860,90,38,1,209,89,1284.0,797.3403619653897
20,100,2860,60,43,0,163,47,1240.0,0.0
20,100,2860,90,37,1,157,82,1292.0,832.6905020927267
20,100,2860,70,40,0,161,67,1372.0,0.0
20,100,2860,80,43,0,215,74,1508.0,0.0
20,100,2860,65,41,1,151,64,1044.0,990.1143755939561
20,100,2860,70,42,0,219,66,1596.0,0.0
20,100,2860,80,44,1,155,67,1262.0,799.7298358627837
20,100,2860,85,45,1,109,66,1144.0,883.0980172156508
20,100,2860,65,47,1,149,51,872.0,624.4506510060593
20,100,2860,75,48,1,111,62,938.0,913.9033285310351
20,100,2860,75,40,1,107,70,1110.0,748.1079657680004
20,100,2860,80,47,0,163,52,1302.0,0.0
20,100,2860,90,50,0,153,49,1086.0,0.0
20,100,2860,85,44,0,197,67,1300.0,0.0
20,100,2860,80,48,0,203,51,1214.0,0.0
20,100,2860,90,48,0,161,59,1202.0,0.0
20,100,2860,70,50,1,165,44,1158.0,954.3356981611266
20,100,2860,70,48,0,135,43,902.0,0.0
20,100,2860,70,50,0,197,40,860.0,0.0
20,100,2860,75,47,0,159,63,1336.0,0.0
20,100,2860,90,45,0,165,68,1314.0,0.0
20,100,2860,85,35,0,147,93,1478.0,0.0
20,100,2860,90,49,1,103,46,768.0,595.9818907431635
20,100,2860,75,35,1,161,84,1240.0,631.5186630219443
20,100,2860,70,36,1,159,85,1314.0,740.4136599039275
20,100,2860,75,36,0,159,84,1468.0,0.0
20,100,2860,70,39,0,263,79,1698.0,0.0
20,100,2860,65,35,1,153,78,1240.0,695.9815529574914
20,100,2860,65,36,0,109,79,1318.0,0.0
20,100,2860,80,39,0,151,84,1588.0,0.0
20,100,2860,80,41,1,155,83,1170.0,960.4270262283377
20,100,2860,85,39,1,149,90,1374.0,933.3662199518736
20,100,2860,80,44,1,149,57,960.0,919.6935216143868
20,100,2860,75,45,1,213,71,1266.0,948.6511977126905
20,100,2860,65,38,0,155,74,1308.0,0.0
20,100,2860,60,42,0,187,54,1194.0,0.0
20,100,2860,65,38,0,161,82,1336.0,0.0
20,100,2860,65,39,1,211,65,1116.0,935.5948368663109
20,100,2860,70,42,0,161,68,1370.0,0.0
20,100,2860,70,48,0,163,51,988.0,0.0
20,100,2860,85,43,1,147,67,1394.0,942.096999891157
20,100,2860,75,44,1,161,74,1204.0,1193.651177953848
20,100,2850,65,37,0,165,84,1556.0,0.0
20,100,2860,75,44,1,161,65,1224.0,948.9549289991472
20,100,2860,70,45,1,167,57,1036.0,830.0038268902928
20,100,2860,70,40,1,215,67,1188.0,957.0391825009395
20,100,2860,85,50,0,163,49,1148.0,0.0
20,100,2860,90,46,0,161,60,1204.0,0.0
20,100,2850,70,48,1,133,55,952.0,888.1148298354814
20,100,2860,70,43,1,157,54,1050.0,752.2701422699324
20,100,2860,80,44,0,221,66,1610.0,0.0
20,100,2850,90,39,1,167,83,1368.0,1062.8189499615066
20,100,2860,65,49,0,163,33,812.0,0.0
20,100,2860,70,47,0,165,57,1232.0,0.0
20,100,2860,85,50,1,159,51,1176.0,1047.2627551813837
20,100,2850,70,37,0,163,67,1334.0,0.0
20,100,2850,85,37,0,109,86,1266.0,0.0
20,100,2850,60,37,1,215,73,1118.0,793.6514076238448
20,100,2850,90,38,1,109,86,1198.0,780.6578860650933
20,100,2850,75,45,0,209,54,1320.0,0.0
20,100,2850,90,36,1,111,94,1352.0,843.1656273904163
20,100,2850,80,38,0,215,85,1568.0,0.0
20,100,2850,70,35,1,157,90,1666.0,894.7444978783742
20,100,2850,90,40,1,109,79,1082.0,859.6153698114002
20,100,2850,60,40,0,201,56,1332.0,0.0
20,100,2850,85,39,0,163,77,1292.0,0.0
20,100,2850,80,36,1,165,88,1278.0,700.6913594577688
20,100,2850,90,41,1,211,84,1528.0,893.6640286380944
20,100,2850,65,39,1,109,75,1284.0,903.0781134407405
20,100,2850,90,37,1,165,84,1546.0,998.8661688098606
20,100,2850,75,46,1,101,63,916.0,679.344785325962
20,100,2850,80,45,0,151,55,1124.0,0.0
20,100,2850,70,46,0,159,53,1038.0,0.0
20,100,2850,75,43,1,165,74,1236.0,792.3583261043398
20,100,2850,80,42,1,155,72,1306.0,864.8546909806012
20,100,2850,90,50,0,161,54,840.0,0.0
20,100,2850,65,46,0,153,46,952.0,0.0
20,100,2850,60,47,0,151,49,1060.0,0.0
20,100,2850,65,43,0,107,48,1124.0,0.0
20,100,2850,70,47,0,269,57,1484.0,0.0
20,100,2850,65,46,1,207,46,954.0,726.6144614162181
20,100,2850,90,49,0,217,61,1236.0,0.0
20,100,2850,75,42,1,205,70,1448.0,864.8449494645489
20,100,2850,65,48,0,253,53,1334.0,0.0
20,100,2850,85,49,0,167,60,1494.0,0.0
20,100,2850,75,50,1,159,51,912.0,770.2492847611148
20,100,2850,65,47,1,199,41,860.0,596.7071201067714
20,100,2850,60,35,0,165,84,1556.0,0.0
20,100,2850,90,37,0,165,75,1370.0,0.0
20,100,2850,75,37,1,165,83,1490.0,838.932274098134
20,100,2850,80,38,1,155,82,1262.0,883.6855203611769
20,100,2850,65,37,1,105,84,1160.0,660.3194540954438
20,100,2850,70,47,0,205,63,1214.0,0.0
20,100,2850,75,46,1,211,68,1388.0,859.5489725307018
20,100,2850,85,38,0,147,85,1508.0,0.0
20,100,2850,60,41,0,203,56,1342.0,0.0
20,100,2850,85,44,1,253,66,1318.0,902.3475493417833
20,100,2850,85,38,1,117,87,1194.0,853.9522111539142
20,100,2850,70,39,0,211,72,1448.0,0.0
20,100,2850,65,40,1,163,69,1370.0,912.8609607008157
20,100,2850,70,40,0,163,73,1368.0,0.0
20,100,2850,90,46,0,111,52,1196.0,0.0
20,100,2850,70,40,0,165,74,1642.0,0.0
20,100,2850,90,44,1,167,70,1252.0,1159.7327273365686
20,100,2850,75,35,1,109,91,1172.0,783.0105263992784
20,100,2850,75,41,0,163,69,1384.0,0.0
20,100,2850,60,36,0,165,84,1332.0,0.0
20,100,2850,60,44,0,219,60,1230.0,0.0
20,100,2850,65,45,1,159,57,1158.0,932.5190808059674
20,100,2850,70,35,0,153,89,1410.0,0.0
20,100,2850,90,45,1,217,52,1098.0,776.1176092691844
20,100,2850,65,41,1,209,61,1262.0,839.4635845540608
20,100,2850,70,40,1,209,59,1144.0,758.5347964504588
20,100,2850,70,48,0,211,47,1176.0,0.0
20,100,2850,80,50,0,161,47,824.0,0.0
20,100,2850,85,50,0,159,52,1090.0,0.0
20,100,2850,70,42,1,161,68,1032.0,782.4746849593802
20,100,2850,70,35,1,163,83,1230.0,702.8139722790272
20,100,2850,75,47,1,153,60,1138.0,692.1057567593799
20,100,2850,70,44,0,153,43,910.0,0.0
20,100,2850,80,50,1,163,55,1164.0,804.7780559809768
20,100,2850,85,41,1,147,81,1296.0,933.5130231019587
20,100,2850,85,43,0,163,66,1334.0,0.0
20,100,2850,60,43,0,215,58,1118.0,0.0
20,100,2850,85,41,1,153,70,1128.0,847.0838440873612
20,100,2850,75,37,0,161,82,1562.0,0.0
20,100,2850,90,50,1,111,63,1116.0,817.286759715908
20,100,2850,75,38,0,217,76,1444.0,0.0
20,100,2850,75,36,0,221,83,1754.0,0.0
20,100,2850,85,38,1,155,87,1342.0,996.527955515842
20,100,2850,65,36,0,219,80,1646.0,0.0
20,100,2850,80,39,0,153,76,1172.0,0.0
20,100,2850,65,36,1,105,83,1034.0,747.6391552019783
20,100,2850,85,36,0,165,82,1500.0,0.0
20,100,2850,90,46,0,215,66,1432.0,0.0
20,100,2850,90,41,1,213,79,1342.0,805.1203521336981
20,100,2850,70,45,1,125,59,1192.0,860.2692489877911
20,100,2850,80,36,1,113,83,1132.0,778.9806191725029
20,100,2850,90,36,0,159,95,1412.0,0.0
20,100,2840,85,35,1,113,92,1296.0,766.6535380659913
20,100,2850,80,43,0,159,66,1342.0,0.0
20,100,2850,60,40,1,199,72,1404.0,845.8726322558701
20,100,2850,60,43,0,205,68,1276.0,0.0
20,100,2850,85,43,0,203,71,1288.0,0.0
20,100,2840,85,35,0,215,90,1320.0,0.0
20,100,2850,90,40,1,109,76,1278.0,838.2415595195137
20,100,2850,65,50,1,109,40,790.0,846.4841214991638
20,100,2840,90,40,0,165,71,1362.0,0.0
20,100,2840,70,45,1,199,60,1192.0,876.7054726226022
20,100,2850,60,46,0,111,49,916.0,0.0
20,100,2850,75,43,0,157,65,1466.0,0.0
20,100,2850,70,45,1,159,62,1058.0,967.8423492230185
20,100,2840,75,46,1,155,64,1088.0,763.0068195049372
20,100,2840,75,45,0,203,67,1268.0,0.0
20,100,2840,70,47,0,217,55,1492.0,0.0
20,100,2840,90,40,0,219,66,1286.0,0.0
20,100,2850,65,49,0,153,45,840.0,0.0
20,100,2850,70,47,1,211,54,1322.0,708.4874781109173
20,100,2840,65,42,1,177,73,1224.0,896.7425404909814
20,100,2840,90,39,1,207,82,1486.0,997.3679707210476
20,100,2850,70,42,1,109,74,1014.0,896.0335891406214
20,100,2850,85,50,1,157,61,1150.0,838.7138669494562
20,100,2840,85,45,0,161,56,1096.0,0.0
20,100,2840,90,44,1,123,71,1182.0,801.9185640582747
20,100,2840,75,41,1,165,66,1488.0,935.9285222624262
20,100,2840,65,44,0,155,48,1098.0,0.0
20,100,2840,70,47,1,109,53,934.0,671.8635717170727
20,100,2840,85,35,0,165,93,1438.0,0.0
20,100,2840,90,44,0,217,71,1552.0,0.0
20,100,2840,85,37,1,171,88,1364.0,876.0215273213715
20,100,2840,60,35,0,167,72,1522.0,0.0
20,100,2840,70,45,1,103,64,850.0,898.3356117464501
20,100,2840,85,45,0,215,70,1254.0,0.0
20,100,2840,75,35,1,155,88,1288.0,797.6268493728106
20,100,2840,80,37,1,219,79,1184.0,707.1797051014108
20,100,2840,80,44,1,155,67,1344.0,985.2769834717063
20,100,2840,60,40,1,139,61,1120.0,744.3956935442898
20,100,2840,60,48,1,111,44,926.0,821.9949171519577
20,100,2840,65,45,1,163,57,1090.0,811.9645046761638
20,100,2840,65,44,0,157,52,1142.0,0.0
20,100,2840,70,35,1,151,89,1264.0,739.9140865838192
20,100,2840,80,48,1,157,45,1048.0,850.5372954317892
20,100,2840,75,45,0,163,65,1342.0,0.0
20,100,2840,85,48,0,155,46,1036.0,0.0
20,100,2840,80,46,0,153,62,1168.0,0.0
20,100,2840,65,35,0,197,84,1432.0,0.0
20,100,2840,75,36,0,163,86,1516.0,0.0
20,100,2840,80,40,1,163,78,1254.0,729.9618090862639
20,100,2840,75,50,1,149,49,854.0,781.9190364537596
20,100,2840,85,42,1,111,65,1198.0,712.7155751774204
20,100,2840,90,43,0,167,58,1440.0,0.0
20,100,2840,75,44,1,153,52,900.0,715.9557479767599
20,100,2840,90,49,0,159,52,826.0,0.0
20,100,2840,70,48,1,157,54,1154.0,996.9606915817026
20,100,2840,85,43,1,161,74,1506.0,1014.5529857808613
20,100,2840,75,37,0,269,81,1706.0,0.0
20,100,2840,90,50,0,165,47,902.0,0.0
20,100,2840,75,48,1,157,61,1012.0,824.2479118439032
20,100,2840,80,42,0,167,73,1468.0,0.0
20,100,2840,75,42,1,207,63,1226.0,775.723535451919
20,100,2840,85,44,1,275,76,1328.0,1062.2625947112424
20,100,2840,70,42,0,163,68,1500.0,0.0
20,100,2840,80,48,0,215,49,1128.0,0.0
20,100,2840,70,41,0,159,62,1394.0,0.0
20,100,2840,75,49,0,217,66,1458.0,0.0
20,100,2840,85,47,0,163,63,1298.0,0.0
20,100,2840,60,48,1,111,48,888.0,803.6625507116257
20,100,2840,80,35,1,167,92,1408.0,742.04926353417
20,100,2840,75,48,0,165,43,850.0,0.0
20,100,2840,60,39,0,165,50,1124.0,0.0
20,100,2840,75,36,1,215,84,1570.0,785.6984325699126
20,100,2840,70,37,1,109,82,1116.0,799.5683547044204
20,100,2840,80,36,0,165,81,1332.0,0.0
20,100,2840,80,35,0,159,87,1186.0,0.0
20,100,2840,75,36,1,207,74,1364.0,664.7545195728951
20,100,2840,65,37,1,159,61,1068.0,786.1177762203024
20,100,2840,75,42,1,159,68,1238.0,877.4708347196124
20,100,2840,75,35,0,157,94,1234.0,0.0
20,100,2840,70,41,1,161,67,1192.0,771.8601157320455
20,100,2840,75,35,1,109,75,1304.0,787.2301041141513
20,100,2840,65,37,0,161,79,1284.0,0.0
20,100,2840,75,40,0,155,62,1186.0,0.0
20,100,2840,75,42,1,211,80,1786.0,929.8364910925408
20,100,2840,60,35,0,163,62,1164.0,0.0
20,100,2840,85,38,0,157,72,1322.0,0.0
20,100,2840,85,43,0,167,68,1276.0,0.0
20,100,2840,80,42,0,213,76,1498.0,0.0
20,100,2840,75,45,1,107,60,880.0,897.5882364203405
20,100,2840,80,40,0,167,77,1472.0,0.0
20,100,2840,85,41,1,165,71,1220.0,769.3556159290654
20,100,2840,80,44,1,161,60,1126.0,893.1905450484338
20,100,2840,60,50,0,105,42,818.0,0.0
20,100,2840,85,42,1,155,79,1382.0,976.8155546356782
20,100,2840,90,44,1,163,58,1020.0,775.5723664496442
20,100,2840,85,48,1,143,54,1042.0,859.9989266600223
20,100,2840,60,39,1,211,70,1558.0,987.9425143735405
20,100,2840,70,46,0,147,56,1270.0,0.0
20,100,2840,75,49,1,111,51,944.0,584.1009511415572
20,100,2840,70,50,0,165,36,882.0,0.0
20,100,2840,60,48,1,163,59,968.0,1123.9226320309103
20,100,2840,80,50,0,151,50,1100.0,0.0
20,100,2840,60,40,0,157,61,1352.0,0.0
20,100,2840,65,50,0,215,40,752.0,0.0
20,100,2840,70,46,1,159,54,882.0,684.7543759649067
20,100,2830,70,36,0,205,77,1708.0,0.0
20,100,2830,75,37,0,207,90,1448.0,0.0
20,100,2840,70,49,0,203,51,1320.0,0.0
20,100,2830,90,38,0,213,86,1652.0,0.0
20,100,2830,80,38,0,211,84,1688.0,0.0
20,100,2830,80,40,0,161,69,1344.0,0.0
20,100,2830,80,41,1,161,76,1370.0,905.9434488426666
20,100,2830,80,43,1,155,69,1268.0,838.0167197644773
20,100,2830,80,42,1,167,78,1396.0,913.5983286178337
20,100,2830,70,41,1,197,74,1450.0,1106.4851607591527
20,100,2830,70,42,0,205,63,1228.0,0.0
20,100,2830,65,42,1,109,60,1044.0,761.1376262242175
20,100,2840,90,40,0,159,80,1484.0,0.0
20,100,2830,60,36,0,213,80,1554.0,0.0
20,100,2830,75,35,1,159,79,1350.0,800.7383312049185
20,100,2830,65,46,0,153,52,1114.0,0.0
20,100,2830,60,43,0,135,54,1182.0,0.0
20,100,2830,80,44,0,159,67,1532.0,0.0
20,100,2830,80,41,1,161,79,1102.0,828.4012147868399
20,100,2840,65,45,1,165,62,984.0,801.4079113799422
20,100,2840,75,47,1,161,59,960.0,814.0624922431587
20,100,2830,85,44,0,207,60,1374.0,0.0
20,100,2830,75,47,1,111,52,1024.0,673.9747641783633
20,100,2830,75,43,0,165,67,1462.0,0.0
20,100,2830,80,44,1,167,59,1078.0,854.9275131064808
20,100,2830,60,49,1,207,46,804.0,602.6020302889043
20,100,2830,70,50,1,111,45,810.0,766.3139841448001
20,100,2830,60,43,1,161,58,1160.0,803.9022677425625
20,100,2840,85,47,0,109,62,1224.0,0.0
20,100,2830,85,36,0,153,85,1310.0,0.0
20,100,2840,70,44,0,265,59,1326.0,0.0
20,100,2840,90,46,1,97,60,908.0,624.5716311684539
20,100,2830,90,50,1,163,55,1098.0,1021.5923520134851
20,100,2840,80,48,0,163,47,1130.0,0.0
20,100,2830,65,35,0,167,80,1348.0,0.0
20,100,2830,75,36,1,163,92,1318.0,793.6171474698284
20,100,2830,75,37,0,163,86,1602.0,0.0
20,100,2830,75,39,1,167,77,1340.0,898.8403321073258
20,100,2830,70,38,1,123,77,1290.0,864.9010094312521
20,100,2830,80,38,0,107,79,1208.0,0.0
20,100,2830,70,37,1,195,82,1304.0,769.7050478492297
20,100,2830,70,40,0,163,81,1426.0,0.0
20,100,2830,70,40,0,165,72,1504.0,0.0
20,100,2830,75,42,1,111,71,1220.0,812.0659136663538
20,100,2830,80,46,1,163,64,1108.0,807.9077135732696
20,100,2830,80,39,0,273,72,1540.0,0.0
20,100,2830,65,43,0,275,58,1204.0,0.0
20,100,2830,85,43,1,165,64,974.0,834.9273426057398
20,100,2830,90,42,0,161,64,1368.0,0.0
20,100,2830,75,44,0,151,52,1024.0,0.0
20,100,2830,85,40,0,271,70,1416.0,0.0
20,100,2830,75,40,1,109,65,1110.0,662.7090510706424
20,100,2830,70,48,1,163,41,700.0,859.4635806023398
20,100,2830,85,44,0,161,66,1128.0,0.0
20,100,2830,90,45,0,159,59,1182.0,0.0
20,100,2830,85,40,1,153,73,1300.0,805.6694772099099
20,100,2830,80,44,1,215,65,1094.0,782.1662709449039
20,100,2830,80,45,0,163,36,940.0,0.0
20,100,2830,70,41,0,161,69,1500.0,0.0
20,100,2830,65,50,0,149,41,804.0,0.0
20,100,2830,75,48,1,263,59,1268.0,1005.971841418598
20,100,2830,90,45,1,205,69,1128.0,1057.8042427255916
20,100,2830,70,49,0,153,55,1002.0,0.0
20,100,2830,80,39,1,161,77,1544.0,895.6844479553919
20,100,2830,65,37,1,165,68,1164.0,822.9419816464999
20,100,2830,70,44,1,105,60,1012.0,659.625698336112
20,100,2830,75,42,1,163,60,1356.0,688.5429812870855
20,100,2830,90,35,1,107,89,1286.0,816.8324285905383
20,100,2830,80,35,1,143,89,1230.0,746.499085661428
20,100,2830,65,36,1,159,85,1308.0,828.9822028209077
20,100,2830,65,39,0,263,68,1444.0,0.0
20,100,2830,70,40,0,201,65,1326.0,0.0
20,100,2830,90,40,0,163,69,1182.0,0.0
20,100,2830,75,38,0,165,80,1530.0,0.0
20,100,2830,75,40,0,219,78,1414.0,0.0
20,100,2830,90,39,1,153,76,1182.0,954.6526399171938
20,100,2830,90,45,1,163,57,990.0,714.9050157958031
20,100,2830,70,48,0,219,46,1398.0,0.0
20,100,2830,80,40,0,215,74,1358.0,0.0
20,100,2830,85,38,0,109,77,1390.0,0.0
20,100,2830,75,46,1,165,60,1100.0,712.600389151723
20,100,2830,85,40,1,157,75,1224.0,928.3257532178471
20,100,2830,80,40,0,163,76,1326.0,0.0
20,100,2830,75,40,1,153,65,1260.0,741.5888647693129
20,100,2830,60,44,1,159,59,1094.0,1017.2085736447498
20,100,2830,70,46,0,167,55,1066.0,0.0
20,100,2830,70,50,0,161,40,1080.0,0.0
20,100,2830,70,46,0,327,57,1344.0,0.0
20,100,2830,90,38,1,161,81,1280.0,857.0134160049097
20,100,2830,85,45,1,159,59,928.0,701.5314593128068
20,100,2830,70,46,1,205,53,1064.0,719.4063278995039
20,100,2830,75,40,1,159,75,1246.0,874.8316908378475
20,100,2830,70,45,0,109,56,1066.0,0.0
20,100,2830,90,46,0,219,63,1622.0,0.0
20,100,2830,75,50,0,157,41,832.0,0.0
20,100,2830,70,35,1,109,83,1188.0,699.1539793893501
20,100,2830,60,50,1,155,52,860.0,935.9241644297925
20,100,2830,85,48,0,161,55,1158.0,0.0
20,100,2830,60,42,1,157,69,1284.0,872.1277707172762
20,100,2830,75,38,1,213,87,1640.0,1062.567042516785
20,100,2830,65,39,0,213,52,1446.0,0.0
20,100,2830,75,39,0,149,82,1468.0,0.0
20,100,2830,75,39,1,161,77,1510.0,1061.846277294008
20,100,2830,80,40,1,161,81,1214.0,738.4108518336609
20,100,2830,85,44,0,267,63,1442.0,0.0
20,100,2820,70,38,1,153,75,1198.0,812.3307424098193
20,100,2820,85,38,1,111,86,1212.0,877.4676110197158
20,100,2830,60,45,0,159,59,1166.0,0.0
20,100,2820,80,35,0,161,87,1492.0,0.0
20,100,2820,65,40,1,111,70,1112.0,801.1830692929767
20,100,2820,90,43,0,165,70,1312.0,0.0
20,100,2820,70,38,1,141,88,1298.0,742.4475843778166
20,100,2830,65,47,1,105,52,812.0,715.6550744338816
20,100,2820,80,44,0,215,67,1114.0,0.0
20,100,2820,70,36,1,117,84,1472.0,768.8964817080271
20,100,2820,80,50,1,161,60,914.0,1043.435624730216
20,100,2820,90,43,1,111,68,1152.0,742.5203812021341
20,100,2820,65,35,1,163,79,1220.0,707.384653627321
20,100,2820,80,40,0,165,73,1188.0,0.0
20,100,2820,70,35,0,217,77,1562.0,0.0
20,100,2820,85,41,0,159,72,1466.0,0.0
20,100,2820,75,48,1,211,56,1048.0,825.697421593824
20,100,2820,60,48,1,147,44,842.0,885.8136759914739
20,100,2820,85,43,0,155,66,1224.0,0.0
20,100,2820,80,37,0,161,88,1444.0,0.0
20,100,2830,60,50,0,151,43,900.0,0.0
20,100,2820,65,41,0,161,68,1230.0,0.0
20,100,2820,85,49,0,109,47,814.0,0.0
20,100,2820,75,42,1,165,70,1442.0,817.7272226273095
20,100,2820,90,49,0,159,53,1024.0,0.0
20,100,2820,65,49,1,109,55,806.0,697.3584671228558
20,100,2820,60,35,1,147,71,1020.0,675.9361095847134
20,100,2820,90,36,0,157,89,1270.0,0.0
20,100,2820,65,36,0,163,79,1564.0,0.0
20,100,2820,70,35,1,151,93,1288.0,882.5735031047897
20,100,2820,70,39,1,159,73,1122.0,984.5168252103227
20,100,2820,80,37,1,111,88,1336.0,823.8227468737988
20,100,2820,80,39,0,219,85,1600.0,0.0
20,100,2820,60,42,0,155,56,1180.0,0.0
20,100,2820,85,37,0,165,85,1316.0,0.0
20,100,2820,90,41,1,161,74,1314.0,865.0309222709114
20,100,2820,75,40,0,161,74,1424.0,0.0
20,100,2820,60,44,1,157,56,1034.0,876.0246724163263
20,100,2820,75,37,1,219,79,1286.0,797.8636321222234
20,100,2820,80,40,0,153,68,1376.0,0.0
20,100,2820,70,46,1,213,64,1148.0,747.1490687888704
20,100,2820,90,44,0,219,65,1410.0,0.0
20,100,2820,85,49,1,159,54,988.0,728.4491950564494
20,100,2820,65,46,1,159,51,954.0,680.1148967070706
20,100,2820,65,46,0,161,52,1280.0,0.0
20,100,2820,75,46,0,271,60,1378.0,0.0
20,100,2820,70,49,1,161,56,1098.0,705.3186765863248
20,100,2820,60,45,1,107,41,726.0,585.1155935009986
20,100,2820,60,42,0,167,53,1368.0,0.0
20,100,2820,90,44,0,199,62,1244.0,0.0
20,100,2820,80,38,0,159,71,1434.0,0.0
20,100,2820,70,47,1,159,55,1062.0,802.8436265634415
20,100,2820,75,49,1,153,51,996.0,840.3814874024102
20,100,2820,90,41,1,109,81,1102.0,804.9070564434329
20,100,2820,65,45,0,153,54,1166.0,0.0
20,100,2820,75,44,1,157,68,1154.0,929.5774842087872
20,100,2820,70,49,0,211,35,886.0,0.0
20,100,2820,80,42,0,159,66,1178.0,0.0
20,100,2820,75,35,0,157,89,1398.0,0.0
20,100,2820,75,35,1,207,89,1482.0,879.3431703506436
20,100,2820,90,36,1,111,86,1134.0,558.8021059230966
20,100,2820,60,41,0,219,67,1278.0,0.0
20,100,2820,90,41,0,211,83,1340.0,0.0
20,100,2820,90,47,0,215,57,1150.0,0.0
20,100,2820,85,42,1,155,79,1214.0,673.9936022064793
20,100,2820,65,44,0,165,63,1248.0,0.0
20,100,2820,65,42,1,153,66,1260.0,767.4384374308206
20,100,2820,65,37,1,215,74,1250.0,639.488333705265
20,100,2820,65,38,0,167,76,1206.0,0.0
20,100,2820,65,37,1,223,73,1134.0,758.8587471882352
20,100,2820,80,39,0,219,75,1544.0,0.0
20,100,2820,75,41,1,157,69,1250.0,890.1537497783747
20,100,2820,85,46,1,163,56,956.0,676.9163710599706
20,100,2820,70,49,0,161,50,1016.0,0.0
20,100,2820,90,48,0,165,53,1240.0,0.0
20,100,2820,70,44,0,153,49,1276.0,0.0
20,100,2820,60,42,1,219,56,1424.0,838.5644157807999
20,100,2820,75,48,1,121,56,962.0,802.081624793344
20,100,2820,85,39,0,165,79,1410.0,0.0
20,100,2820,85,44,0,165,61,1538.0,0.0
20,100,2820,60,49,1,153,45,668.0,693.8227349623836
20,100,2820,85,46,0,109,59,1160.0,0.0
20,100,2820,65,41,1,161,60,1372.0,902.9995089605917
20,100,2820,90,47,0,211,65,1348.0,0.0
20,100,2820,80,49,1,111,63,980.0,705.3938867911019
20,100,2820,60,44,0,157,61,1434.0,0.0
20,100,2820,90,49,1,217,65,1114.0,839.3683844411288
20,100,2820,90,47,1,107,55,910.0,704.0569843425716
20,100,2820,80,41,1,109,76,1150.0,973.2154977642507
20,100,2820,70,43,0,107,59,1074.0,0.0
20,100,2820,65,36,0,159,82,1286.0,0.0
20,100,2810,80,36,0,219,84,1524.0,0.0
20,100,2820,75,35,1,161,94,1468.0,801.4134120127942
20,100,2810,60,36,1,155,78,1370.0,764.6094125344654
20,100,2810,80,38,0,207,81,1510.0,0.0
20,100,2820,60,40,1,163,54,1120.0,650.8195997449219
20,100,2810,60,42,0,159,58,1216.0,0.0
20,100,2820,90,41,0,157,67,1288.0,0.0
20,100,2820,80,41,0,163,73,1130.0,0.0
20,100,2820,75,41,1,161,65,1320.0,840.2289563931279
20,100,2810,85,37,1,105,76,1134.0,642.2322006015477
20,100,2810,75,48,1,161,50,888.0,730.0408565532165
20,100,2810,80,40,0,199,70,1788.0,0.0
20,100,2820,75,45,0,163,52,1214.0,0.0
20,100,2810,70,44,0,165,64,1324.0,0.0
20,100,2810,60,38,1,159,67,1350.0,674.9602633160205
20,100,2810,90,45,1,111,62,1048.0,911.8718469386152
20,100,2820,85,49,1,159,44,1002.0,626.2061823644584
20,100,2810,60,35,1,155,82,1356.0,777.3744932047457
20,100,2810,90,38,0,263,87,1430.0,0.0
20,100,2810,85,45,1,111,59,934.0,835.8182401317748
20,100,2810,60,47,0,161,44,778.0,0.0
20,100,2810,75,43,1,153,60,1004.0,741.8915535345193
20,100,2810,75,48,0,203,49,1190.0,0.0
20,100,2810,65,47,0,153,44,908.0,0.0
20,100,2810,75,48,1,149,52,870.0,909.7072941394725
20,100,2820,80,41,0,163,70,1388.0,0.0
20,100,2810,60,39,0,259,72,1576.0,0.0
20,100,2810,70,48,0,209,54,1154.0,0.0
20,100,2810,65,48,0,163,48,1156.0,0.0
20,100,2820,75,50,1,167,49,1246.0,1054.2907947551935
20,100,2820,75,46,0,165,56,1374.0,0.0
20,100,2810,85,42,1,165,66,1366.0,756.7479968393458
20,100,2820,75,44,1,159,65,1100.0,884.4724808506971
20,100,2820,75,49,0,217,48,1206.0,0.0
20,100,2810,60,47,1,153,54,1102.0,764.4371075118773
20,100,2810,85,36,0,153,91,1422.0,0.0
20,100,2810,65,47,1,163,57,1120.0,728.5836250926983
20,100,2810,80,42,1,109,68,1234.0,897.1975504939192
20,100,2810,75,45,0,159,60,1368.0,0.0
20,100,2810,75,35,1,111,88,1258.0,845.6390842993077
20,100,2810,65,42,0,163,54,1146.0,0.0
20,100,2810,90,36,0,109,87,1286.0,0.0
20,100,2810,80,39,1,161,81,1314.0,980.5906785098584
20,100,2810,60,48,1,161,50,814.0,860.6380220029041
20,100,2810,65,37,0,165,86,1596.0,0.0
20,100,2810,60,40,1,105,63,960.0,721.1061821758914
20,100,2810,70,38,1,113,82,1318.0,899.8554037796687
20,100,2810,65,39,0,165,67,1438.0,0.0
20,100,2810,75,48,1,151,52,806.0,998.9351580907684
20,100,2810,80,44,1,155,65,1264.0,829.2503795993234
20,100,2810,90,40,0,147,78,1358.0,0.0
20,100,2810,75,45,0,163,66,1200.0,0.0
20,100,2810,90,36,1,143,90,1192.0,770.2449093042763
20,100,2810,70,41,0,265,67,1222.0,0.0
20,100,2810,90,39,1,161,79,1114.0,713.8146776101045
20,100,2810,90,38,0,161,92,1416.0,0.0
20,100,2810,70,37,1,111,65,1140.0,840.156897231052
20,100,2810,65,45,0,211,56,1502.0,0.0
20,100,2810,70,41,0,157,64,1252.0,0.0
20,100,2810,90,38,1,215,86,1248.0,876.2884653396081
20,100,2810,65,47,1,207,55,916.0,722.4424950317491
20,100,2810,65,39,0,165,66,1374.0,0.0
20,100,2810,70,43,1,109,63,1044.0,905.064605784973
20,100,2810,65,44,0,219,52,1326.0,0.0
20,100,2810,80,38,1,159,86,1384.0,794.0734586307224
20,100,2810,60,45,1,157,57,1158.0,848.9084366599031
20,100,2810,80,44,0,211,74,1448.0,0.0
20,100,2810,75,49,1,163,56,1258.0,914.68255593334
20,100,2810,90,37,1,109,84,1250.0,731.9632306231391
20,100,2810,60,43,1,189,49,982.0,649.2507579900581
20,100,2810,70,35,0,109,77,1272.0,0.0
20,100,2810,80,45,1,213,50,998.0,861.2741228997659
20,100,2810,90,50,0,155,57,982.0,0.0
20,100,2810,75,40,0,213,78,1526.0,0.0
20,100,2810,70,42,0,213,58,1256.0,0.0
20,100,2810,80,47,0,205,63,1292.0,0.0
20,100,2810,65,45,1,209,62,1290.0,976.4117974145158
20,100,2810,75,39,0,203,83,1408.0,0.0
20,100,2810,90,35,1,157,93,1320.0,798.4268371546605
20,100,2810,65,49,0,103,40,790.0,0.0
20,100,2810,70,35,1,107,70,1244.0,579.7299095145338
20,100,2810,75,35,0,161,83,1512.0,0.0
20,100,2810,75,49,1,105,55,884.0,755.0018115418761
20,100,2810,90,42,0,217,78,1342.0,0.0
20,100,2810,70,35,0,199,83,1308.0,0.0
20,100,2810,70,46,1,99,46,674.0,619.9137559299323
20,100,2810,80,44,0,167,71,1314.0,0.0
20,100,2810,75,38,1,221,79,1486.0,807.4376289311405
20,100,2810,85,47,1,203,54,1046.0,717.3794048368186
20,100,2810,80,48,0,203,61,1398.0,0.0
20,100,2810,70,36,1,159,87,1374.0,799.9866870175726
20,100,2810,70,38,0,161,80,1406.0,0.0
20,100,2810,65,49,1,119,56,748.0,775.8105792778823
20,100,2810,70,38,0,161,74,1562.0,0.0
20,100,2810,85,38,1,161,82,1378.0,915.9966459585802
20,100,2810,65,37,1,161,82,1234.0,730.012740199883
20,100,2810,65,36,0,217,86,1688.0,0.0
20,100,2810,90,42,1,165,72,1372.0,861.7611889856602
20,100,2810,85,38,1,165,88,1476.0,896.683373127194
20,100,2800,90,35,1,161,90,1044.0,773.7434731877244
20,100,2810,65,39,0,207,67,1564.0,0.0
20,100,2800,90,35,1,153,91,1164.0,747.4988729789522
20,100,2810,75,50,1,159,54,928.0,1119.7396898508628
20,100,2810,90,47,0,143,63,1030.0,0.0
20,100,2800,75,45,0,159,66,1350.0,0.0
20,100,2810,60,38,1,165,79,1454.0,803.0540732220793
20,100,2810,75,49,0,109,46,1106.0,0.0
20,100,2800,80,38,1,165,85,1504.0,836.8678332852278
20,100,2810,65,39,0,151,75,1454.0,0.0
20,100,2810,85,47,0,201,56,1194.0,0.0
20,100,2810,75,45,1,163,73,1250.0,1013.8828058699904
20,100,2810,65,43,1,179,53,1236.0,799.9500743334385
20,100,2800,65,41,1,163,68,1140.0,1011.601232205036
20,100,2800,60,42,0,211,59,1248.0,0.0
20,100,2810,80,48,0,133,53,1070.0,0.0
20,100,2810,90,49,0,201,57,1198.0,0.0
20,100,2810,85,49,1,157,58,828.0,777.5512801006503
20,100,2810,85,45,0,159,61,1198.0,0.0
20,100,2800,90,46,0,167,55,1278.0,0.0
20,100,2800,85,42,1,159,61,1148.0,683.5872894692196
20,100,2800,80,50,0,221,60,1348.0,0.0
20,100,2800,65,40,0,217,63,1386.0,0.0
20,100,2800,70,36,1,165,81,1246.0,641.9008423553853
20,100,2800,60,35,0,163,84,1502.0,0.0
20,100,2800,80,35,1,159,84,1138.0,734.9791801692086
20,100,2800,60,38,0,217,63,1226.0,0.0
20,100,2800,75,35,1,165,90,1302.0,748.620019724687
20,100,2800,60,37,0,165,76,1652.0,0.0
